Titulo;Link;Precio Normal;Precio Online;Modelo;Marca;Tarjeta de Video;Procesador;Memoria Ram;Pulgadas Pantalla;Tipo de Almacenamiento;Almacenamiento;Tipo de Pantalla;Tipo de Memoria Ram;Tienda;Precio Normal_categ;Precio Online_categ;cluster_predicted
"Laptop Asus ROG Flow X13 GV301QH 13.4"" AMD Ryzen 9 5980HS 1TB SSD 16GB RAM GTX 1650 + XG Mobile RTX 3080";https://hiraoka.com.pe/computo-y-tecnologia/computadoras/laptops/laptop-asus-rog-flow-x13-gv301qh-13-4-amd-ryzen-9-5980hs-1tb-ssd-16gb-ram-gtx-1650-xg-mobile-rtx-3080;15199;15199;ROG Flow X13 GV301QH;ASUS;NVIDIA GeForce GTX 1650 ;AMD Ryzen 9;16GB;13.4'';SSD;1TB;WUXGA;DDR4;Hiraoka;10000-15200;10000-15200;0
"Laptop Gamer Acer PT516-51S-76HY 16"" Intel Core i7-11800H 1TB SSD 32GB RAM";https://hiraoka.com.pe/computo-y-tecnologia/computadoras/laptops/laptop-gamer-acer-pt516-51s-76hy-16-intel-core-i7-11800h-1tb-ssd-32gb-ram;13999;13399;PT516-51S-76HY;ACER;NVIDIA GeForce RTX 3080;Intel Core i7;8GB;16'';SSD;1TB;WQXGA;DDR4;Hiraoka;10000-15200;10000-15200;0
Laptop Gamer ASUS ROG Flow X13 GV301QH 13.4'' Ryzen 9-5980HS 16GB RAM 1TB SSD 16GB Video RTX3080;https://www.oechsle.pe/laptop-gamer-asus-rog-flow-x13-gv301qh-13-4---ryzen-9-5980hs-16gb-ram-1tb-ssd-16gb-video-rtx3080/p;13699;13099;GV301QH-K6320T;ASUS;AMD;AMD Ryzen 9;16GB;13.4'';SSD;1TB;IPS;;Oechsle;10000-15200;10000-15200;0
"Apple Macbook Pro 13.3"" RAM 16GB 2TB SSD Silver Late 2020";https://www.plazavea.com.pe/apple-macbook-pro-13-3-ram-16gb-2tb-ssd-silver-late-2020-100151790/p;13075;13075;Z11F-MYDA-07;APPLE;Intel;M1;16GB;13.3'';SSD;2TB;IPS;;Plazavea;10000-15200;10000-15200;0
"Laptop HP Zbook Firefly 15 G8 I7-1165 16GB 512GB IX + T500 Windows 11 Pro DG W10 15.6""";https://www.oechsle.pe/laptop-hp-zbook-firefly-15-g8-i7-1165-16gb-512gb-ix---t500-windows-11-pro-dg-w10-15-6---1000241135/p;14959;11809;IX + T500 ;HP;Intel;Intel Core i7;16GB;15.6'';SSD;512GB;FHD;;Oechsle;10000-15200;10000-15200;0
"Laptop Gamer MSI GP66 LEOPARD-11UG 15.6"" Intel Core i7-11800H 512GB SSD 16GB RAM";https://hiraoka.com.pe/computo-y-tecnologia/computadoras/laptops/laptop-gamer-msi-gp66-leopard-11ug-15-6-intel-core-i7-11800h-512gb-ssd-16gb-ram;8999;11199;MSI GP66 LEOPARD-11UG;MSI;NVIDIA GeForce RTX 3070;Intel Core i7;16GB;15.6'';SSD;512GB;FHD;DDR4;Hiraoka;8200-9200;10000-15200;0
"Notebook ACER AN515-55-777V 15.6"" Intel Core i7 16GB 256GB SSD";https://www.plazavea.com.pe/notebook-acer-an51555777v-15-6--intel-core-i7-16gb-256gb-ssd/p;9399;9399;AN515-55-777V;ACER;NVIDIA;Intel Core i7;16GB;15.6'';SSD/HDD;256GB ;LED IPS;DDR4;Plazavea;9200-10000;9200-10000;0
"Laptop Gamer ASUS ROG M16 GU603ZE 16"" i7-12700H 512GB SSD 16GB RAM 4GB RTX3050Ti";https://www.oechsle.pe/laptop-gamer-asus-rog-m16-gu603ze-16-i7-12700h-512gb-ssd-16gb-ram-4gb-rtx3050ti-2070371/p;9699;8999;GU603ZE-LS020W;ASUS;Intel;Intel Core i7;16GB;16'';SSD;512GB;WUXGA;;Oechsle;9200-10000;8200-9200;0
"Laptop Gaming Asus ROG Zephyrus M16 GU603ZE-LS020W 16"" Intel Core i7-12700H 512GB 16GB RAM";https://hiraoka.com.pe/computo-y-tecnologia/computadoras/laptops/laptop-gaming-asus-rog-zephyrus-m16-gu603ze-ls020w-16-intel-core-i7-12700h-512gb-16gb-ram;8999;8199;GU603ZE-LS020W;ASUS;NVIDIA GeForce RTX 3050;Intel Core i7;16GB;16'';SSD;512GB;IPS;DDR5;Hiraoka;8200-9200;7200-8200;0
"Laptop Gamer MSI Stealth 15M-A11UEK 15.6"" Intel Core i7-11375H 512GB SSD 16GB RAM";https://hiraoka.com.pe/computo-y-tecnologia/computadoras/laptops/laptop-gamer-msi-stealth-15m-a11uek-15-6-intel-core-i7-11375h-512gb-ssd-16gb-ram;9299;8099;MSI Stealth 15M-A11UEK;MSI;NVIDIA GeForce RTX 3060;Intel Core i7;16GB;15.6'';SSD;512GB;FHD;DDR4;Hiraoka;9200-10000;7200-8200;0
"Laptop Lenovo YOGA Slim 9i 14"" Intel Core i7 - 1165G7 512GB SSD 16GB RAM";https://hiraoka.com.pe/computo-y-tecnologia/computadoras/laptops/laptop-lenovo-yoga-slim-9i-14-intel-core-i7-1165g7-512gb-ssd-16gb-ram;7899;7899;YOGA Slim 9i 14;LENOVO;Intel Iris Xe Graphics;Intel Core i7;16GB;14'';SSD;512GB;UHD;DDR4;Hiraoka;7200-8200;7200-8200;0
Laptop ASUS Zenbook Flip S 13.3'' UX371EA Ci7-1165G7 16GB RAM 1TB SSD;https://www.oechsle.pe/laptop-asus-zenbook-flip-s-13-3-ux371ea-ci7-1165g7-16gb-ram-1tb-ssd-1973616/p;7699;7599;UX371EA-HL003T;ASUS;Intel;Intel Core i7;16GB;13.3'';SSD;1TB;OLED;;Oechsle;7200-8200;7200-8200;0
"Laptop Gamer Lenovo Legion 5 Pro 16"" AMD Ryzen 7 - 5800H 512GB SSD 16GB RAM";https://hiraoka.com.pe/computo-y-tecnologia/computadoras/laptops/laptop-gamer-lenovo-legion-5-pro-16-amd-ryzen-7-5800h-512gb-ssd-16gb-ram;7699;7499;G15 5511 JPMK1;LENOVO;NVIDIA GeForce RTX 3050;Intel Core i7;16GB;15.6'';SSD;512GB;IPS;DDR4;Hiraoka;7200-8200;7200-8200;0
"Laptop Gamer Lenovo Legion 5 Pro  16"" WQXGA 165Hz  AMD Ryzen 7  16GB RAM  512GB SSD";https://www.oechsle.pe/laptop-gamer-lenovo-legion-5-pro-16-wqxga-165hz-amd-ryzen-7-16gb-ram-512gb-ssd-1877165/p;7899;7499;WQXGA 165Hz;LENOVO;AMD;AMD Ryzen 7;16GB;16'';SSD;512GB;IPS;;Oechsle;7200-8200;7200-8200;0
Laptop ASUS ZenBook Duo 14 UX482EG 14'' Intel Core i7-1165G7 16GB RAM 1TB SSD 2GB Video;https://www.oechsle.pe/asus-notebook-ux482eg-ka151t-14-intel-core-i7-1165g7-16gb-ram-1tb-ssd-2gb-video-1870145/p;7599;7399;UX482EG-KA151T;ASUS;Intel;Intel Core i7;16GB;14'';SSD;1TB;LED IPS;;Oechsle;7200-8200;7200-8200;0
"Laptop Gamer MSI Katana GF76 12UE 17.3"" Intel Core i7-12700H 512GB SSD 8GB RAM";https://hiraoka.com.pe/computo-y-tecnologia/computadoras/laptops/laptop-gamer-msi-katana-gf76-12ue-17-3-intel-core-i7-12700h-512gb-ssd-8gb-ram;7699;7299;Katana GF76 12UE;MSI;NVIDIA GeForce RTX 3060;Intel Core i7;8GB;17.3'';SSD;512GB;FHD;DDR4;Hiraoka;7200-8200;7200-8200;0
Laptop ASUS Zenbook Duo 14 UX482EGR 14'' I7-1195G7 1TB SSD 16GB RAM MX450;https://www.oechsle.pe/laptop-asus-zenbook-duo-14-ux482egr-14---i7-1195g7-1tb-ssd-16gb-ram-mx450/p;9099;7199;UX482EGR-HY335W;ASUS;Intel;Intel Core i7;16GB;14'';SSD;1TB;FHD;;Oechsle;8200-9200;6200-7200;0
"Laptop Gamer MSI Katana GF66 11UE 15.6"" Intel Core i7-11800H 512GB SSD 16GB RAM";https://hiraoka.com.pe/computo-y-tecnologia/computadoras/laptops/laptop-gamer-msi-katana-gf66-11ue-15-6-intel-core-i7-11800h-512gb-ssd-16gb-ram;7599;6999;Katana GF66 11UE;MSI;NVIDIA GeForce RTX 3060;Intel Core i7;8GB;15.6'';SSD;512GB;FHD;DDR4;Hiraoka;7200-8200;6200-7200;0
"Laptop Asus ZenBook Flip S13 OLED UX371EA 13.3"" Intel Core i7-1165G7 1TB SSD 16GB RAM";https://hiraoka.com.pe/computo-y-tecnologia/computadoras/laptops/laptop-asus-ux371ea-hl711w-13-3-intel-core-i7-1165g7-1tb-ssd-16gb-ram;7799;6999;ZenBook Flip S13 OLED UX371EA;ASUS;;Intel Core i7;8GB;15.6'';SSD;1TB;OLED;DDR4;Hiraoka;7200-8200;6200-7200;0
"Laptop Asus ROG Zephyrus M16 GU603HE-K8014T 16"" Intel Core i7-11800H 512GB SSD 16GB RAM";https://hiraoka.com.pe/computo-y-tecnologia/computadoras/laptops/laptop-asus-rog-zephyrus-m16-gu603he-k8014t-16-intel-core-i7-11800h-512gb-ssd-16gb-ram;8299;6999;ROG Zephyrus M16 GU603HE-K8014T ;ASUS;NVIDIA GeForce RTX 3050;Intel Core i7;16GB;16'';SSD/M2;512GB;FHD;DDR4;Hiraoka;8200-9200;6200-7200;0
"Notebook HUAWEI Matebook X Pro 13.9"" Intel Core i7 16GB 1TB";https://www.plazavea.com.pe/notebook-huawei-matebook-x-pro-13-9--intelcore-i7-16gb-1tb/p;6999;6999;Matebook X Pro;HUAWEI;NVIDIA;Intel Core i7;16GB;13.9'';SSD;1TB;LTPS;DDR4;Plazavea;6200-7200;6200-7200;0
"Laptop Gaming Asus ROG Strix G15 G513RC-HN097W 15.6"" AMD Ryzen 7 6800H 512GB SSD 16GB RAM";https://hiraoka.com.pe/computo-y-tecnologia/computadoras/laptops/laptop-gaming-asus-rog-strix-g15-g513rc-hn097w-15-6-amd-ryzen-7-6800h-512gb-ssd-16gb-ram;6999;6699;G513RC-HN097W;ASUS;NVIDIA GeForce RTX 3050;AMD Ryzen 7;16GB;15.6'';SSD;512GB;FHD;DDR4;Hiraoka;6200-7200;6200-7200;0
"Laptop Dell G15 5515 J5TDJ 15.6"" AMD Ryzen 7 5800H 512GB SSD 16GB RAM";https://hiraoka.com.pe/computo-y-tecnologia/computadoras/laptops/laptop-dell-g15-5515-j5tdj-15-6-amd-ryzen-7-5800h-512gb-ssd-16gb-ram;6999;6699;G15 5515 J5TDJ;DELL;NVIDIA GeForce RTX 3060;AMD Ryzen 7;16GB;15.6'';SSD;512GB;FHD;DDR4;Hiraoka;6200-7200;6200-7200;0
"Laptop Huawei MateBook 13s 13.4"" 2.5K LTPS Tactil i7-11370H 512GB SSD 16GB RAM Windows Hom";https://hiraoka.com.pe/computo-y-tecnologia/computadoras/laptops/laptop-huawei-matebook-13s-emmyd-w7651t-13-4-intel-core-i7-11370h-512gb-ssd-16gb-ram-silver;6499;6499;MateBook 13s ;HUAWEI;Intel Iris Xe Graphics;Intel Core i7;16GB;13.4'';SSD;512GB;FHD;DDR4;Hiraoka;6200-7200;6200-7200;0
"Laptop Gamer Asus ROG Flow X13 13"" GV301QH Ryzen 9 5900HS 16GB RAM 512GB SSD 4GB Video Gris";https://www.oechsle.pe/laptop-gamer-asus-13-gv301qh-k6300t-ryzen-9-5900hs-16gb-ram-512gb-ssd-4gb-video-gris-1832028/p;7099;6499;GV301QH-K6300T;ASUS;AMD;AMD Ryzen 9;16GB;13.4'';SSD;512GB;WUXGA;;Oechsle;6200-7200;6200-7200;0
"Laptop Yoga 9i  14"" FHD Intel Core i7 16GB RAM 512GB SSD";https://www.oechsle.pe/laptop-yoga-9i-14-fhd-intel-core-i7-16gb-ram-512gb-ssd-1877167/p;6798;6199;Yoga 9i;LENOVO;Intel;Intel Core i7;16GB;14'';SSD;512GB;FHD;;Oechsle;6200-7200;5200-6200;0
"Laptop OMEN  FHD 16"" 16-c0503la AMD Ryzen R7-5800H 16GB RAM AMD 8GB R21M-E65-70 512GB SSD";https://www.oechsle.pe/laptop-omen--fhd-16-16-c0503la-amd-ryzen-r7-5800h-16gb-ram-amd-8gb-r21m-e65-70-512gb-ssd-1871921/p;7199;6199;R21M-E65-70;HP;AMD;AMD Ryzen 7;16GB;16'';SSD;512GB;FHD;;Oechsle;6200-7200;5200-6200;0
Laptop Gamer ROG Strix G15 G513RC 15.6'' R7-6800H 16GB RAM 512GB SSD 4GB Video RTX3050;https://www.oechsle.pe/laptop-gamer-rog-strix-15-g513rc-r7-6800h-16gb-ram-512gb-ssd-4gb-video-rtx3050--2070372/p;7699;6199;G513RC-HN097W;ASUS;AMD;AMD Ryzen 7;16GB;15.6'';SSD;512GB;FHD;;Oechsle;7200-8200;5200-6200;0
"Laptop ASUS 15.6"" FA506QM-HN008W Ryzen 7 8GB DDR4 RAM 512GB SSD Black";https://www.oechsle.pe/laptop-asus-15-6-fa506qm-hn008w-ryzen-7-8gb-ddr4-ram-512gb-ssd-black-2091546/p;7599;6099;FA506QM-HN008W;ASUS;AMD;AMD Ryzen 7;8GB;15.6'';SSD;512GB;FHD;;Oechsle;7200-8200;5200-6200;0
"Laptop Gamer MSI Katana GF66 11UC 15.6"" Intel Core i7-11800H 512GB SSD 8GB RAM";https://hiraoka.com.pe/computo-y-tecnologia/computadoras/laptops/laptop-gamer-msi-katana-gf66-11uc-15-6-intel-core-i7-11800h-512gb-ssd-8gb-ram;6199;5999;Katana GF66 11UC;MSI;NVIDIA GeForce RTX 3050;Intel Core i7;8GB;15.6'';SSD;512GB;FHD;DDR4;Hiraoka;5200-6200;5200-6200;0
"Laptop Gaming Asus ROG Strix G15 G513IC-HN046W 15.6"" AMD Ryzen 7 4800H 512GB 16GB RAM";https://hiraoka.com.pe/computo-y-tecnologia/computadoras/laptops/laptop-gaming-asus-rog-strix-g15-g513ic-hn046w-15-6-amd-ryzen-7-4800h-512gb-16gb-ram;6299;5999;G513IC-HN046W;ASUS;NVIDIA GeForce RTX 3050;AMD Ryzen 7;16GB;15.6'';SSD;512GB;FHD;DDR4;Hiraoka;6200-7200;5200-6200;0
"Laptop Gamer Dell G15 5511 JPMK1 15.6"" Intel Core i7-11800H 512GB SSD 8GB RAM";https://hiraoka.com.pe/computo-y-tecnologia/computadoras/laptops/laptop-gamer-dell-g15-5511-jpmk1-15-6-intel-core-i7-11800h-512gb-ssd-8gb-ram;6099;5899;KATANA GF66 11UE;DELL;NVIDIA GeForce RTX 3050;Intel Core i7;16GB;15.6'';SSD;512GB;FHD;DDR4;Hiraoka;5200-6200;5200-6200;0
"Laptop Gamer 15.6"" Nitro Intel Core i5-10300H 16GB RAM 1TB+256SSD RTX3060 6GB Video Negro";https://www.oechsle.pe/laptop-gamer-15-6-nitro-intel-core-i5-10300h-16gb-ram-1tb-256ssd-rtx3060-6gb-video-negro-1788665/p;6099;5699;AN515-55-58JL;ACER;Intel;Intel Core i5;16GB;15.6'';SSD/HDD;1TB + 256GB;LED IPS;DDR4;Oechsle;5200-6200;5200-6200;0
"Laptop LG Gram 17Z90P-G.AH86B4 17"" Intel i7 Evo 11a Generacion 512GB SSD 16GB RA";https://hiraoka.com.pe/computo-y-tecnologia/computadoras/laptops/laptop-lg-gram-17z90p-g-ah86b4-17-intel-i7-evo-11a-generacion-512gb-ssd-16gb-ram;6299;5699;AN515-55-78GV;LG;Intel Iris Xe Graphics;Intel Core i7;8GB;15.6'';SSD;512GB;LED IPS;LPDDR4;Hiraoka;6200-7200;5200-6200;0
Macbook Air Apple M1 Chip 8gb Ram 256gb Ssd Gold + Twelve South SuitCase;https://www.plazavea.com.pe/macbook-air-apple-m1-chip-8gb-ram-256gb-ssd-gold-twelve-south-suitcase-100180246/p;5589;5589;Air M1 Chip;APPLE;;M1;8GB;13'';SSD;256GB ;IPS;;Plazavea;5200-6200;5200-6200;0
Macbook Air Apple M1 Chip 8gb Ram 256gb Ssd Space Gray + Twelve South SuitCase;https://www.plazavea.com.pe/macbook-air-apple-m1-chip-8gb-ram-256gb-ssd-space-gray-twelve-south-suitcase-100180247/p;5589;5589;Air M1 Chip;APPLE;;M1;8GB;13'';SSD;256GB ;IPS;;Plazavea;5200-6200;5200-6200;0
"Laptop Gaming Dell G5 5515 15.6"" AMD Ryzen 5 5600H 512GB SSD 8GB RAM";https://hiraoka.com.pe/computo-y-tecnologia/computadoras/laptops/laptop-gaming-dell-g5-5515-15-6-amd-ryzen-5-5600h-512gb-ssd-8gb-ram;5799;5499;A315-57G-57MY;DELL;NVIDIA GeForce RTX 3050;Intel Core i5;8GB;15.6'';SSD;512GB;FHD;DDR4;Hiraoka;5200-6200;5200-6200;0
"Laptop LG Gram 16Z90P-G.AH85B4 16"" Intel i7 11a Generacion Evo 512GB SSD 16GB RA";https://hiraoka.com.pe/computo-y-tecnologia/computadoras/laptops/laptop-lg-gram-16z90p-g-ah85b4-16-intel-i7-11a-generacion-evo-512gb-ssd-16gb-ram;5999;5499;FX516PC-HN004T;LG;Intel Iris Xe Graphics;Intel Core i7;16GB;15.6'';SSD ;512GB;WQXGA;LPDDR4;Hiraoka;5200-6200;5200-6200;0
"Laptop Gamer Acer AN515-55-58JL 15.6"" 10th Gen Intel Core i5-10300H 1TB HDD + 256GB SSD 16GB RAM";https://hiraoka.com.pe/computo-y-tecnologia/computadoras/laptops/laptop-gamer-acer-an515-55-58jl-15-6-10th-gen-intel-core-i5-10300h-1tb-hdd-256gb-ssd-16gb-ram;6099;5499;Acer AN515-55-58JL;ACER;NVIDIA GeForce RTX 3060;Intel Core i5;16GB;15.6'';SSD/HDD;1TB;FHD IPS;DDR4;Hiraoka;5200-6200;5200-6200;0
"Laptop HP Omen 15-en0001la 15.6"" AMD Ryzen 7 4800H 512GB SSD 8GB RAM";https://hiraoka.com.pe/computo-y-tecnologia/computadoras/laptops/laptop-hp-omen-15en0001la;5699;5399;Omen 15-en0001la;HP;NVIDIA GeForce GTX 1650;AMD Ryzen 7;8GB;15.6'';SSD;512GB;FHD;DDR4;Hiraoka;5200-6200;5200-6200;0
"Laptop Victus by HP 16-d0523la 16.1"" Intel Core i7-11600H 512GB SSD 8GB RAM";https://hiraoka.com.pe/computo-y-tecnologia/computadoras/laptops/laptop-victus-by-hp-16-d0523la-16-1-intel-core-i7-11600h-512gb-ssd-8gb-ram;5299;5299;"	16-d0523la";HP;NVIDIA GeForce RTX 3050;Intel Core i7;8GB;16.1'';SSD;512GB;FHD;DDR4;Hiraoka;5200-6200;5200-6200;0
"Laptop Gamer Acer AN515-55-78GV 15.6"" Intel Core i7-10750H 512GB SSD 8GB RAM";https://hiraoka.com.pe/computo-y-tecnologia/computadoras/laptops/laptop-gamer-acer-an515-55-78gv-15-6-intel-core-i7-10750h-512gb-ssd-8gb-ram;5899;5299;Modern 15 A11ML;ACER;NVIDIA GeForce GTX 3060;Intel Core i7;8GB;15.6'';SSD;512GB;FHD IPS;DDR4;Hiraoka;5200-6200;5200-6200;0
"Laptop MSI Modern 14 B11SBL 14"" Intel Core i7-1165G7 512GB SSD 16GB RAM";https://hiraoka.com.pe/computo-y-tecnologia/computadoras/laptops/laptop-msi-modern-14-b11sbl-14-intel-core-i7-1165g7-512gb-ssd-16gb-ram;6299;5299;Modern 14 B11SBL 14;MSI;NVIDIA GeForce MX450;Intel Core i7;16GB;14'';SSD;512GB;FHD;DDR4;Hiraoka;6200-7200;5200-6200;0
"Laptop ASUS Vivobook 15 OLED K513EA 15.6"" Ci7-1165G7 16GB RAM 512GB SSD";https://www.oechsle.pe/laptop-asus-vivobook15-oled-15-6-k513ea-ci7-1165g7-16gb-ram-512gb-ssd-1978767/p;5299;5299;K513EA-L11073T;ASUS;Intel;Intel Core i7;16GB;15.6'';SSD;512GB;OLED;;Oechsle;5200-6200;5200-6200;0
"Laptop Asus TUF Gaming F15 FX506LH-HN100T 15.6"" Intel Core i7-10870H 512GB SSD 16GB RAM";https://hiraoka.com.pe/computo-y-tecnologia/computadoras/laptops/laptop-asus-tuf-gaming-f15-fx506lh-hn100t-15-6-intel-core-i7-10870h-512gb-ssd-16gb-ram;5599;4999;FX506LH-HN100T;ASUS;NVIDIA GeForce GTX 1650;Intel Core i7;16GB;15.6'';SSD;512GB;IPS;DDR4;Hiraoka;5200-6200;4200-5200;0
"Laptop Gamer Acer AN515-55-789Q 15.6"" Intel Core i7-10750H 512GB SSD 8GB RAM";https://hiraoka.com.pe/computo-y-tecnologia/computadoras/laptops/laptop-gamer-acer-an515-55-789q-15-6-intel-core-i7-10750h-512gb-ssd-8gb-ram;5599;4999;AN515-55-789Q;ACER;NVIDIA GeForce GTX 3050;Intel Core i7;8GB;15.6'';SSD;512GB;FHD;DDR4;Hiraoka;5200-6200;4200-5200;0
Laptop ASUS FX516PC-HN005T 15.6'' Intel Core i7 11va generacion 16GB 512GB SS;https://www.oechsle.pe/laptop-asus-fx516pc-hn005t-15-6---intel-core-i7-11va-generacion-16gb-512gb-ssd-1000218762/p;6299;4899;FX516PC-HN005T;ASUS;Intel;Intel Core i7;16GB;15.6'';SSD;512GB;IPS;;Oechsle;6200-7200;4200-5200;0
Laptop ASUS G513IC-HN046W 15.6'' AMD Ryzen 7 (4000 series) 16GB 512GB SSD;https://www.oechsle.pe/laptop-asus-g513ic-hn046w-15-6---amd-ryzen-7--4000-series--16gb-512gb-ssd-1000194818/p;6299;4799;G513IC-HN046W;ASUS;AMD;AMD Ryzen 7;16GB;15.6'';SSD;512GB;IPS;;Oechsle;6200-7200;4200-5200;0
"Laptop MSI Modern 15 A11ML 15.6"" Intel Core i7-1165G7 512GB SSD 16GB RAM";https://hiraoka.com.pe/computo-y-tecnologia/computadoras/laptops/laptop-msi-modern-15-a11ml-15-6-intel-core-i7-1165g7-512gb-ssd-16gb-ram;5699;4699;Inspiron 3515 D6DM6;MSI;Intel Iris Xe Graphics;AMD Ryzen 5;16GB;15.6'';SSD;512GB;FHD;DDR4;Hiraoka;5200-6200;4200-5200;0
"Notebook ACER AN515-55-73XJ 15.6"" Intel Core i7 16GB 256GB SSD";https://www.plazavea.com.pe/notebook-acer-an5155573xj-15-6--intel-core-i7-16gb-256gb-ssd/p;4699;4699;AN515-55-73XJ;ACER;NVIDIA;Intel Core i7;16GB;15.6'';HDD;256GB;LED IPS;;Plazavea;4200-5200;4200-5200;0
"Laptop Gamer Acer AN515-55-74NH 15.6"" 10th Gen Intel Ci710750H 512GB SSD 8GB RAM";https://hiraoka.com.pe/computo-y-tecnologia/computadoras/laptops/laptop-gamer-acer-an515-55-74nh-15-6-10th-gen-intel-ci710750h-512gb-ssd-8gb-ram;5099;4689;17Z90P-G.AH86B4;ACER;NVIDIA GeForce GTX 1650;Intel Core i7;16GB;17'';SSD;512GB;FHD;DDR4;Hiraoka;4200-5200;4200-5200;0
Laptop ASUS K513EA-BN1211T 15.6'' Intel Core i7 11va generacion 12GB 512GB SS;https://www.oechsle.pe/laptop-asus-k513ea-bn1211t-15-6---intel-core-i7-11va-generacion-12gb-512gb-ssd-1000156104/p;6199;4399;K513EA-BN1211T;ASUS;Intel;Intel Core i7;12GB;15.6'';SSD;512GB;IPS;;Oechsle;5200-6200;4200-5200;0
Laptop ASUS K513EA-BN2263T 15.6'' Intel Core i7 11va generacion 12GB 512GB SS;https://www.oechsle.pe/laptop-asus-k513ea-bn2263t-15-6---intel-core-i7-11va-generacion-12gb-512gb-ssd-1000156126/p;6199;4329;K513EA-BN2263T;ASUS;Intel;Intel Core i7;12GB;15.6'';SSD;512GB;IPS;;Oechsle;5200-6200;4200-5200;0
Notebook HP 16-d0505la 16.1'' Intel Core i5 11va generacion 16GB 512GB SSD;https://www.plazavea.com.pe/notebook-hp-16d0505la-16-1-intel-core-i5-11va-generacion-16gb-512gb-ssd/p;4199;4099;16-d0505la;HP;NVIDIA;Intel Core i5;16GB;16.1'';SSD;512GB;;DDR4;Plazavea;3800-4200;3800-4200;0
Laptop ASUS UX325EA-KG595W 13'' Intel Core i7 11va generacion 16GB 512GB SS;https://www.oechsle.pe/laptop-asus-ux325ea-kg595w-13---intel-core-i7-11va-generacion-16gb-512gb-ssd-1000208210/p;7599;4099;UX325EA-KG595W;ASUS;Intel;Intel Core i7;16GB;13'';SSD;512GB;OLED;;Oechsle;7200-8200;3800-4200;0
Laptop ASUS Zenbook 13 OLED UX325EA 13.3'' Ci7-1165G7 16GB RAM 512SSD;https://www.oechsle.pe/laptop-asus-zenbook-13-oled-ux325ea-13-3-ci7-1165g7-16gb-ram-512ssd-2061390/p;6299;3999;UX325EA-KG674W;ASUS;Intel;Intel Core i7;16GB;13.3'';SSD;512GB;OLED;;Oechsle;6200-7200;3800-4200;0
Laptop Lenovo 15IIL Intel I7 8GBRAM 256GB SSD X360 Touch Win10 ;https://www.plazavea.com.pe/laptop-lenovo-15iil-intel-i7-8gbram-256gb-ssd-x360-touch-win10-100167636/p;3959;3959;15IIL05;LENOVO;Intel;Intel Core i7;8GB;15.6'';SSD;256GB ;FHD;;Plazavea;3800-4200;3800-4200;0
"Laptop Gamer MSI GF63 THIN 10UC 15.6"" Intel Core i5-10500H 512GB SSD 8GB RAM";https://hiraoka.com.pe/computo-y-tecnologia/computadoras/laptops/laptop-gamer-msi-gf63-thin-10uc-15-6-intel-core-i5-10500h-512gb-ssd-8gb-ram;4199;3899;LPM-BW15-i3;MSI;NVIDIA GeForce RTX 3050;Intel Core i3;16GB;15.6'';SSD;256GB;FHD;DDR4;Hiraoka;3800-4200;3800-4200;0
"Laptop IdeaPad 5i 14"" FHD Intel Core i7 16GB RAM 512GB SSD";https://www.oechsle.pe/laptop-ideapad-5i-14-fhd-intel-core-i7-16gb-ram-512gb-ssd-1877173/p;4699;3799;Idea Pad 5i;LENOVO;Intel;Intel Core i7;16GB;14'';SSD;512GB;FHD;;Oechsle;4200-5200;3400-3800;0
"Laptop ASUS 13.3"" UM325UA-KG150W Ryzen 7 16GB RAM 512GB SSD Grey";https://www.oechsle.pe/laptop-asus-13-3-um325ua-kg150w-ryzen-7-16gb-ram-512gb-ssd-grey-2091554/p;5499;3699;UM325UA-KG150W;ASUS;AMD;AMD Ryzen 7;16GB;13.3'';SSD;512GB;OLED;;Oechsle;5200-6200;3400-3800;0
"Laptop ASUS 15.6"" X515EA-BQ1749W Core i7 12GB DDR4 RAM 512GB SSD Grey";https://www.oechsle.pe/laptop-asus-15-6-x515ea-bq1749w-core-i7-12gb-ddr4-ram-512gb-ssd-grey-2091514/p;4999;3599;X515EA-BQ1749W;ASUS;Intel;Intel Core i7;12GB;15.6'';SSD;512GB;FHD;;Oechsle;4200-5200;3400-3800;0
Notebook LENOVO Yoga Slim7 14ITL05 14'' CI7 1165G7 16GB 512GB;https://www.plazavea.com.pe/notebook-lenovo-yoga-slim7-14itl05-14-ci7-1165g7-16gb-512gb/p;3549;3549;YOGA SLIM7 14ITL05;LENOVO;Intel;Intel Core i7;8GB;14'';SSD;512GB;FHD;DDR4;Plazavea;3400-3800;3400-3800;0
"Laptop Acer A315-57G-78C5 15.6"" 10th Gen Intel Ci7 1065G7 256GB SSD 8GB RAM";https://hiraoka.com.pe/computo-y-tecnologia/computadoras/laptops/laptop-acer-a315-57g-78c5-15-6-10th-gen-intel-ci7-1065g7-256gb-ssd-8gb-ram;3899;3099;A315-57G-78C5;ACER;NVIDIA GeForce MX330;Intel Core i7;8GB;15.6'';SSD;256GB;FHD;DDR4;Hiraoka;3800-4200;3000-3400;0
Laptop DELL 3501 15.6'' Intel Core i5 1135G7 8GB 256GB SSD;https://www.plazavea.com.pe/laptop-dell-3501-15-6-intel-core-i5-1135g7-8gb-256gb-ssd/p;2899;2899;1135G7;DELL;Intel;Intel Core i5;16GB;15.6'';SSD;256GB;;DDR4;Plazavea;2600-3000;2600-3000;0
"Laptop Acer A315-57G-57MY 15.6"" 10th Gen Intel Ci5 1035G1 512GB SSD 8GB RAM";https://hiraoka.com.pe/computo-y-tecnologia/computadoras/laptops/laptop-acer-a315-57g-57my-15-6-10th-gen-intel-ci5-1035g1-512gb-ssd-8gb-ram;3099;2699;KATANA GF66 11UC;ACER;NVIDIA GeForce RTX 3060;Intel Core i7;8GB;15.6'';SSD;512GB;FHD;DDR4;Hiraoka;3000-3400;2600-3000;0
"Laptop Asus X515EA 15.6"" Intel Core i5-1135G7 512GB SSD 8GB RAM";https://hiraoka.com.pe/computo-y-tecnologia/computadoras/laptops/laptop-asus-x515ea-ej921w-15-6-intel-core-i5-1135g7-512gb-ssd-8gb-ram;3399;2649;X515EA;ASUS;Intel Iris Xe Graphics;Intel Core i5;16GB;15.6'';SSD;512GB;FHD;DDR4;Hiraoka;3000-3400;2600-3000;0
"Laptop Acer A315-57G-53R9 15.6"" 10th Gen Intel Ci5 1035G1 256GB SSD 8GB RAM";https://hiraoka.com.pe/computo-y-tecnologia/computadoras/laptops/laptop-acer-a315-57g-53r9-15-6-10th-gen-intel-ci5-1035g1-256gb-ssd-8gb-ram;2899;2499;82JQ00BBLM;ACER;NVIDIA GeForce MX330;AMD Ryzen 7;16GB;16'';SSD;512GB;FHD;DDR4;Hiraoka;2600-3000;2200-2600;0
"Laptop Lenovo 82KT009NLM 14"" AMD Ryzen 3 5300U 256GB SSD 8GB RAM";https://hiraoka.com.pe/computo-y-tecnologia/computadoras/laptops/laptop-lenovo-82kt009nlm-14-amd-ryzen-3-5300u-256gb-ssd-8gb-ram;2399;2399;UX435EG-K9185T;LENOVO;NVIDIA GeForce RTX 3050;Intel Core i7;16GB;14'';SSD;512GB;FHD;DDR4;Hiraoka;2200-2600;2200-2600;0
Laptop Miray LPM-BW15-i7 Intel Core i7-6600U 512 GB SSD 8 GB RAM Silver;https://hiraoka.com.pe/computo-y-tecnologia/computadoras/laptops/laptop-miray-lpm-bw15-i7-intel-core-i7-6600u-512-gb-ssd-8-gb-ram-silver;3999;1999;LPM-BW15-i7 ;MIRAY;Intel;Intel Core i7;8GB;15.6'';SSD;512GB;FHD;DDR4;Hiraoka;3800-4200;1800-2200;0
"Laptop Huawei MateBook D14 14"" FHD IPS i3-10110U 256GB SSD 8GB RAM Windows Home";https://hiraoka.com.pe/computo-y-tecnologia/computadoras/laptops/laptop-huawei-matebook-d14-14-fhd-ips-i3-10110u-256gb-ssd-8gb-ram-windows-home;1999;1799;A515-56-76D1;HUAWEI;Intel Iris Xe Graphics;Intel Core i7;12GB;15.6'';SSD;512GB;FHD IPS;DDR4;Hiraoka;1800-2200;1400-1800;0
"Laptop Acer A515-54-30MJ 15.6"" Intel Core i3-10110U 256GB SSD 8GB RAM";https://hiraoka.com.pe/computo-y-tecnologia/computadoras/laptops/laptop-acer-a515-54-30mj-15-6-intel-core-i3-10110u-256gb-ssd-8gb-ram;2259;1799;16Z90P-G.AH85B4;ACER;Intel UHD Graphics;Intel Core i7;16GB;16'';SSD;256GB;FHD;DDR4;Hiraoka;2200-2600;1400-1800;0
"Laptop HP 15-dy2050la 15.6"" Intel Core i3-1115G4 256GB+16 SSD+Optane 8GB RAM + Camara Web Miray CWM-1";https://hiraoka.com.pe/computo-y-tecnologia/computadoras/laptops/laptop-hp-15-dy2050la-15-6-intel-core-i3-1115g4-256gb-16-ssd-optane-8gb-ram-camara-web-miray-cwm-12;2399;1699;N7600PC-L2001W;HP;Intel;Intel Core i7;16GB;16'';SSD;512GB;HD;DDR4;Hiraoka;2200-2600;1400-1800;0
"Laptop Miray LPM-BW15-i3 15.6"" Intel Core i3-6157U 256 GB SSD 16 GB RAM Silver";https://hiraoka.com.pe/computo-y-tecnologia/computadoras/laptops/laptop-miray-lpm-bw15-i3-15.6-intel-core-i3-6157u-256-gb-ssd-16-gb-ram-silver;2299;1399;Inspiron 3511 YY3P3;MIRAY;;Intel Core i5;16GB;15.6'';SSD;542GB;FHD;DDR4;Hiraoka;2200-2600;980-1400;0
Laptop Gamer Asus ROG Zephyrus G14 14'' GA401QM Ryzen 9 5900HX 16GB RAM 1TB SSD 6GB Video RTX 3060 Gris;https://www.oechsle.pe/laptop-gamer-asus-rog-zephyrus-g14-14-ga401qm-ryzen-9-5900hx-16gb-ram-1tb-ssd-6gb-video-rtx-3060-gris-1883708/p;9199;8799;GA401QM-K2005T;ASUS;AMD;AMD Ryzen 9;16GB;14'';SSD;1TB;IPS;;Oechsle;8200-9200;8200-9200;1
"Laptop Asus M3401QC-KM160W 14"" AMD Ryzen 5 5600H 512GB SSD 8GB RAM";https://hiraoka.com.pe/computo-y-tecnologia/computadoras/laptops/laptop-asus-m3401qc-km160w-14-amd-ryzen-5-5600h-512gb-ssd-8gb-ram;5099;5099;M3401QC-KM160W;ASUS;NVIDIA GeForce RTX 3050;AMD Ryzen 5;8GB;14'';SSD;512GB;OLED;DDR4;Hiraoka;4200-5200;4200-5200;1
"Laptop Gamer Asus TUF DASH F15 FX516PC 15.6"" Intel Core i7-11370H 512GB SSD 16GB RAM";https://hiraoka.com.pe/computo-y-tecnologia/computadoras/laptops/laptop-gamer-asus-fx516pc-hn004t-15-6-intel-core-i7-11370h-512gb-ssd-16gb-ram;5799;5099;IdeaPad 5;ASUS;NVIDIA GeForce GTX 3060;AMD Ryzen 5;8GB;14'';SSD;512GB;FHD IPS;DDR4;Hiraoka;5200-6200;4200-5200;1
Notebook HP 15-EH0010LA 15'' AMD R7 8GB 512GB SSD;https://www.plazavea.com.pe/notebook-hp-15eh0010la-15-amd-r7-8gb-512gb-ssd/p;4999;4999;15-EH0010LA;HP;AMD;AMD Ryzen 7;8GB;15'';SSD;512GB;FHD;;Plazavea;4200-5200;4200-5200;1
"Laptop Asus Zenbook 13 UM325 Series 13.3"" Pine Grey (Gris)";https://www.oechsle.pe/laptop-asus-zenbook-13-um325-series-13-3--pine-grey--gris--1000237978/p;6299;4969;UM325UA-DS71;ASUS;AMD;AMD Ryzen 7;4GB;13.3'';SSD;512GB;FHD;;Oechsle;6200-7200;4200-5200;1
Laptop ASUS M3401QC-KM160W 14'' AMD Ryzen 5 (5000 series) 8GB 512GB SSD;https://www.oechsle.pe/laptop-asus-m3401qc-km160w-14---amd-ryzen-5--5000-series--8gb-512gb-ssd-1000194808/p;4999;4599;M3401QC-KM160W;ASUS;AMD;AMD Ryzen 5;8GB;14'';SSD;512GB;OLED;;Oechsle;4200-5200;4200-5200;1
Laptop ASUS M3401QC-KM160W 14'' AMD Ryzen 5 (5000 series) 8GB 512GB SSD;https://www.plazavea.com.pe/laptop-asus-m3401qckm160w-14-amd-ryzen-5-5000-series-8gb-512gb-ssd/p;4599;4599;M3401QC-KM160W;ASUS;AMD;AMD Ryzen 5;8GB;14'';SSD;512GB ;OLED;;Plazavea;4200-5200;4200-5200;1
"Laptop Asus TUF Gaming A15 FA506IC-HN042W 15.6"" AMD Ryzen 5 4600H 512GB SSD 8GB RAM";https://hiraoka.com.pe/computo-y-tecnologia/computadoras/laptops/laptop-asus-tuf-gaming-a15-fa506ic-hn042w-15-6-amd-ryzen-5-4600h-512gb-ssd-8gb-ram;4899;4199;FA506IC-HN042W;ASUS;NVIDIA GeForce RTX 3050;AMD Ryzen 5;8GB;15.6'';SSD;512GB;FHD;DDR4;Hiraoka;4200-5200;3800-4200;1
"Laptop OMEN 16-c0501la 16"" AMD Ryzen R5-5600H 8GB RAM  512GB SSD 1650 4GB Video";https://www.oechsle.pe/laptop-omen-16-c0501la-16-amd-ryzen-r5-5600h-8gb-ram-512gb-ssd-1650-4gb-video-1871933/p;4999;4199;16-c0501la;HP;AMD;AMD Ryzen 5;8GB;16'';SSD;512GB;IPS;;Oechsle;4200-5200;3800-4200;1
Laptop ASUS Vivobook Pro 14 M3401QC 14'' R5-5600H 512GB SSD 8GB RTX3050;https://www.oechsle.pe/laptop-asus-vivobook-pro-14-m3401qc-14---r5-5600h-512gb-ssd-8gb-rtx3050/p;5599;4199;M3401QC-KM160W;ASUS;AMD;AMD Ryzen 5;8GB;14'';SSD;512GB;OLED;;Oechsle;5200-6200;3800-4200;1
Laptop ASUS FA506IC-HN042W 15.6'' AMD Ryzen 5 (5000 series) 8GB 512GB SSD;https://www.oechsle.pe/laptop-asus-fa506ic-hn042w-15-6---amd-ryzen-5--5000-series--8gb-512gb-ssd-1000186897/p;4799;3999;FA506IC-HN042W;ASUS;AMD;AMD Ryzen 5;8GB;15.6'';SSD;512GB;FHD;;Oechsle;4200-5200;3800-4200;1
"Laptop Huawei MateBook 14 14"" 2K IPS AMD R7 4800H 512GB SSD 8GB RAM Windows Hom";https://hiraoka.com.pe/computo-y-tecnologia/computadoras/laptops/laptop-huawei-matebook-14-kelvinl-wde9bq-14-amd-ryzen-7-4800h-512gb-ssd-8gb-ram;4999;3999;MateBook 14 14;HUAWEI;AMD Radeon Graphics;AMD Ryzen 7;8GB;14'';SSD;512GB;IPS;DDR4;Hiraoka;4200-5200;3800-4200;1
"Laptop Huawei Matebook 14 R7 14"" 8GB RAM 512GB SSD KelvinL-WDE9BQ";https://www.oechsle.pe/huawei-matebook-14-r7-14-8gb-ram-512gb-ssd-kelvinl-wde9bq-1980352/p;4999;3999;KelvinL-WDE9BQ;HUAWEI;AMD;AMD Ryzen 7;8GB;14'';SSD;512GB;IPS;;Oechsle;4200-5200;3800-4200;1
"Laptop Lenovo IdeaPad 5i 14"" Intel Core i7-1165G7 512GB SSD 8GB RAM";https://hiraoka.com.pe/computo-y-tecnologia/computadoras/laptops/laptop-lenovo-ideapad-5i-14-intel-core-i7-1165g7-512gb-ssd-8gb-ram;3899;3899;82FE00RJLM;LENOVO;Intel Iris Xe Graphics;Intel Core i7;8GB;14'';SSD;512GB;FHD;DDR4;Hiraoka;3800-4200;3800-4200;1
Laptop ASUS FA506IC-HN042W 15.6'' AMD Ryzen 5 (5000 series) 8GB 512GB SSD;https://www.plazavea.com.pe/laptop-asus-fa506ichn042w-15-6-amd-ryzen-5-5000-series-8gb-512gb-ssd/p;3899;3899;FA506IC-HN042W;ASUS;NVIDIA;AMD Ryzen 5;8GB;15.6'';SSD;512GB;FHD IPS;DDR4;Plazavea;3800-4200;3800-4200;1
"Laptop gamer Nitro 5 15.6"" Ryzen 5 5600H 8GB RAM 512GB SSD 4GB Video GTX 1650";https://www.oechsle.pe/laptop-gamer-nitro-5-15-6-ryzen-5-5600h-8gb-ram-512gb-ssd-4gb-video-gtx-1650-1981117/p;5159;3799;AN515-45-R6J3;ACER;AMD;AMD Ryzen 5;8GB;15.6'';SSD;512GB;LED IPS;DDR4;Oechsle;4200-5200;3400-3800;1
Laptop ASUS M3401QA-KM014W 14'' AMD Ryzen 7 (5000 series) 8GB 512GB SSD;https://www.oechsle.pe/laptop-asus-m3401qa-km014w-14---amd-ryzen-7--5000-series--8gb-512gb-ssd-1000208208/p;5499;3799;M3401QA-KM014W;ASUS;AMD;AMD Ryzen 7;8GB;14'';SSD;512GB;OLED;;Oechsle;5200-6200;3400-3800;1
"Laptop LG Gram 14Z90P-G.AJ62B4 14"" Intel i5 Evo 11a Generacion 256GB SSD 8GB RA";https://hiraoka.com.pe/computo-y-tecnologia/computadoras/laptops/laptop-lg-gram-14z90p-g-aj62b4-14-intel-i5-evo-11a-generacion-256gb-ssd-8gb-ram;4499;3499;Gram 14Z90P-G.AJ62B4;LG;Intel Iris Xe Graphics;Intel Core i5;8GB;14'';SSD;256GB;LED IPS;DDR4;Hiraoka;4200-5200;3400-3800;1
"Laptop Acer A515-56-76D1 15.6"" Intel Core i7-1165G7 512GB SSD 12GB RAM";https://hiraoka.com.pe/computo-y-tecnologia/computadoras/laptops/laptop-acer-a515-56-76d1-15-6-intel-core-i7-1165g7-512gb-ssd-12gb-ram;3699;3399;82KT009NLM;ACER;Intel Iris Xe Graphics;AMD Ryzen 3;8GB;14'';SSD;512GB;FHD;DDR4;Hiraoka;3400-3800;3000-3400;1
"HP Laptop 15-ef2505la 15.6"" AMD Ryzen 7 5700U 8GB DDR4 RAM 512GB SSD";https://www.oechsle.pe/hp-laptop-15-ef2505la-15-6-amd-ryzen-7-5700u-8gb-ddr4-ram-512gb-ssd-oro-palido-2026535/p;3399;2999;15-ef2505la;HP;AMD;AMD Ryzen 7;8GB;15.6'';SSD;512GB;HD;DDR4;Oechsle;3000-3400;2600-3000;1
Laptop HP 17-ca AMD Ryzen 5 16GBRam 256GB SSD Windows 10;https://www.plazavea.com.pe/laptop-hp-17-ca-amd-ryzen-5-16gbram-256gb-ssd-windows-10-100198532/p;2989;2989;17-ca300;HP;AMD;AMD Ryzen 5;16GB;14'';SSD;256GB ;HD;;Plazavea;2600-3000;2600-3000;1
Laptop ASUS M415DA-EB900T 14'' AMD Ryzen 7 16GB 512GB SSD;https://www.oechsle.pe/laptop-asus-m415da-eb900t-14---amd-ryzen-7--5000-series--16gb-512gb-ssd-1000186896/p;3699;2899;M415DA-EB900T;ASUS;AMD;AMD Ryzen 7;16GB;14'';SSD;512GB;FHD;;Oechsle;3400-3800;2600-3000;1
Laptop ASUS UM325UA-KG101T 13.3'' AMD Ryzen 5 (5000 series) 8GB 512GB SSD;https://www.oechsle.pe/laptop-asus-um325ua-kg101t-13-3---amd-ryzen-5--5000-series--8gb-512gb-ssd-1000186901/p;5399;2899;UM325UA-KG101T;ASUS;AMD;AMD Ryzen 5;8GB;13.3'';SSD;512GB;OLED;;Oechsle;5200-6200;2600-3000;1
Laptop ASUS M415DA-EB900T 14'' AMD Ryzen 7 16GB 512GB SSD;https://www.plazavea.com.pe/laptop-asus-m415daeb900t-14-amd-ryzen-7-16gb-512gb-ssd/p;2899;2899;M415DA-EB900T;ASUS;AMD;AMD Ryzen 7;16GB;14'';SSD;512GB;FHD;DDR4;Plazavea;2600-3000;2600-3000;1
"Laptop Huawei MateBook D14 14"" FHD IPS i5-10210U 512GB SSD 8GB RAM ";https://hiraoka.com.pe/computo-y-tecnologia/computadoras/laptops/laptop-huawei-matebook-d14-nobelb-wah9e-14-intel-core-i5-10210u-512gb-ssd-8gb-ram;3699;2799; MateBook D14;HUAWEI;Intel UHD Graphics;Intel Core i5;8GB;14'';SSD;512GB;FHD;DDR4;Hiraoka;3400-3800;2600-3000;1
"Laptop Dell Vostro 3405 14"", Ryzen 5 3450U, 16GB RAM, 256GB SSD+HDD 1TB, Linux";https://www.plazavea.com.pe/laptop-dell-vostro-3405-14-ryzen-5-3450u-16gb-ram-256gb-ssd-hdd-1tb-linux-100154690/p;2749;2749;Vostro 3405;DELL;AMD;AMD Ryzen 5;16GB;14'';SSD/HDD;256GB;HD;DDR4;Plazavea;2600-3000;2600-3000;1
"Laptop Dell Vostro 14 3405 Gris, 14"" HD LED AMD Ryzen 5 3450U 2.1GH, 8GB, 256GB SSD, Win10 Model: YG";https://www.oechsle.pe/laptop-dell-vostro-14-3405-gris-14--hd-led-amd-ryzen-5-3450u-2-1gh-8gb-256gb-ssd-win10-model--yg-1000253291/p;3499;2699;YG53W;DELL;AMD;AMD Ryzen 5;8GB;14'';SSD;256GB;LED;;Oechsle;3400-3800;2600-3000;1
"Laptop Acer A515-54-56YQ 15.6"" Intel Core i5-10210U 256GB SSD 8GB RAM";https://hiraoka.com.pe/computo-y-tecnologia/computadoras/laptops/laptop-acer-a515-54-56yq-15-6-intel-core-i5-10210u-256gb-ssd-8gb-ram;2599;2399;SF314-511-579K;ACER;Intel Iris Xe Graphics;Intel Core i5;8GB;14'';SSD;512GB;FHD;DDR4;Hiraoka;2200-2600;2200-2600;1
Laptop ASUS M415DA-EB893T 14'' AMD Ryzen 5 8GB 256GB SSD;https://www.oechsle.pe/laptop-asus-m415da-eb893t-14---amd-ryzen-5--5000-series--8gb-256gb-ssd-1000186894/p;2599;1999;M415DA-EB893T;ASUS;AMD;AMD Ryzen 5;8GB;14'';SSD;256GB;FHD;;Oechsle;2200-2600;1800-2200;1
"Laptop Acer Aspire 3 14"" Ryzen 3 3250U 8GB RAM 256GB SSD";https://www.oechsle.pe/laptop-acer-aspire-3-14-ryzen-3-3250u-8gb-ram-256gb-ssd-1903749/p;2599;1999;A314-22-R6MD;ACER;AMD;AMD Ryzen 3;8GB;14'';SSD;256GB;LED IPS;DDR4;Oechsle;2200-2600;1800-2200;1
Laptop ASUS M415DA-EB893T 14'' AMD Ryzen 5 8GB 256GB SSD;https://www.plazavea.com.pe/laptop-asus-m415daeb893t-14-amd-ryzen-5-8gb-256gb-ssd/p;1999;1999;M415DA-EB893T;ASUS;AMD;AMD Ryzen 5;8GB;14'';SSD;256GB ;FHD;;Plazavea;1800-2200;1800-2200;1
"Laptop ASUS 14"" M415DA-EB931W Ryzen 5 8GB DDR4 RAM 256GB SSD Grey";https://www.oechsle.pe/laptop-asus-14-m415da-eb931w-ryzen-5-8gb-ddr4-ram-256gb-ssd-grey-2091552/p;3199;1799;M415DA-EB931W;ASUS;AMD;AMD Ryzen 5;8GB;14'';SSD;256GB;FHD;;Oechsle;3000-3400;1400-1800;1
"Laptop IdeaPad 3  14"" FHD AMD Ryzen 3  8GB RAM  256GB SSD";https://www.oechsle.pe/laptop-ideapad-3-14-fhd-amd-ryzen-3-8gb-ram-256gb-ssd-1877176/p;2848;1749;Laptop IdeaPad 3;LENOVO;AMD;AMD Ryzen 3;8GB;14'';SSD;256GB;FHD;;Oechsle;2600-3000;1400-1800;1
"Laptop ASUS 14"" X415JA-EB1707W Core i3 8GB 8GB DDR4 RAM 256GB SSD Silver";https://www.oechsle.pe/laptop-asus-14-x415ja-eb1707w-core-i3-8gb-8gb-ddr4-ram-256gb-ssd-silver-2091534/p;2999;1549;X415JA-EB1707W;ASUS;Intel;Intel Core i3;8GB;14'';SSD;256GB;FHD;;Oechsle;2600-3000;1400-1800;1
"Laptop Hp 14"" dk1022wm Amd Ryzen 3 4GB Ram 128GB Ssd Win10";https://www.oechsle.pe/laptop-hp-14--dk1022wm-amd-ryzen-3-4gb-ram-128gb-ssd-win10-1000165862/p;2999;1399;dk1022wm;HP;AMD;AMD Ryzen 3;4GB;14'';SSD;128GB;HD;;Oechsle;2600-3000;980-1400;1
"Laptop Lenovo IdeaPad 3i 14"" Intel Pentium Silver N5030 256GB SSD 8GB RAM";https://hiraoka.com.pe/computo-y-tecnologia/computadoras/laptops/laptop-lenovo-ideapad-3i-14-intel-pentium-silver-n5030-256gb-ssd;1899;1299;IdeaPad 3i;LENOVO;Intel UHD Graphics;Intel Pentium;8GB;14'';SSD;256GB;FHD;DDR4;Hiraoka;1800-2200;980-1400;1
"Laptop Asus N7600PC-L2177W 16"" Intel Core i7-11370H 512GB SSD 16GB RAM";https://hiraoka.com.pe/computo-y-tecnologia/computadoras/laptops/laptop-asus-n7600pc-l2177w-16-intel-core-i7-11370h-512gb-ssd-16gb-ram;7999;7199;LPM-BW15-i5;ASUS;Intel;Intel Core i5;8GB;15.6'';SSD;512GB;4K;DDR4;Hiraoka;7200-8200;6200-7200;2
"Laptop Lenovo Yoga C640 13.3"" Intel Core i7 - 10510U 512GB SSD 8GB RAM";https://hiraoka.com.pe/computo-y-tecnologia/computadoras/laptops/laptop-lenovo-yoga-c640-13-3-intel-core-i7-10510u-512gb-ssd-8gb-ram;5199;5199;Yoga C640;LENOVO;Intel UHD Graphics;Intel Core i7;8GB;13.3'';SSD/M2;512GB;FHD;DDR4;Hiraoka;4200-5200;4200-5200;2
Laptop Gamer MSI Sword 15 A11UdIntel Core I7-11800H Ram 8GB 512GB SSD White Black;https://www.plazavea.com.pe/laptop-gamer-msi-sword-15-a11udintel-core-i7-11800h-ram-8gb-512gb-ssd-white-black-100180752/p;5099;5099;A11UD-001US;MSI;NVIDIA GeForce RTX 3050;Intel Core i7;8GB;15.6'';SSD;512GB;FHD;;Plazavea;4200-5200;4200-5200;2
"Laptop Asus Zenbook 14 UX435EG 14"" Intel Core i7-1165G7 512GB SSD 16GB RAM";https://hiraoka.com.pe/computo-y-tecnologia/computadoras/laptops/laptop-asus-ux435eg-k9185t-14-intel-core-i7-1165g7-512gb-ssd-16gb-ram;6259;4899;15-dy2050la;ASUS;NVIDIA GeForce MX330;Intel Core i3;8GB;15.6'';SSD;512GB;FHD IPS;DDR4;Hiraoka;6200-7200;4200-5200;2
Laptop ASUS G513IC-HN046W 15.6'' AMD Ryzen 7 (4000 series) 16GB 512GB SSD;https://www.plazavea.com.pe/laptop-asus-g513ichn046w-15-6-amd-ryzen-7-4000-series-16gb-512gb-ssd/p;4799;4799;G513IC-HN046W;ASUS;NVIDIA;AMD Ryzen 7;16GB;15.6'';SSD;512GB;FHD IPS;DDR4;Plazavea;4200-5200;4200-5200;2
"Laptop Dell Latitude 3410 Core i7-10510U, 8GB, 256GB SSD, 14"" FHD";https://www.oechsle.pe/laptop-dell-latitude-3410-core-i7-10510u-8gb-256gb-ssd-14--fhd-1000158836/p;4999;4599;DELL LATITUDE 3410;DELL;Intel;Intel Core i7;8GB;14'';SSD;256GB;FHD;;Oechsle;4200-5200;4200-5200;2
"Laptop MSI Bravo 15 B5DD-003SP 15.6"" AMD Ryzen 5 5600H 512GB SSD 8GB RAM";https://hiraoka.com.pe/computo-y-tecnologia/computadoras/laptops/laptop-msi-bravo-15-b5dd-003sp-15-6-amd-ryzen-5-5600h-512gb-ssd-8gb-ram;5499;4599;Bravo 15 B5DD-003SP;MSI;AMD Radeon RX 5500M;AMD Ryzen 5;8GB;15.6'';SSD;512GB;LCD IPS;DDR4;Hiraoka;5200-6200;4200-5200;2
"Laptop Dell Latitude 3410 Core i7-10510U, 8GB, 256GB SSD, 14"" FHD";https://www.plazavea.com.pe/laptop-dell-latitude-3410-core-i7-10510u-8gb-256gb-ssd-14-fhd-100152054/p;4599;4599;Latitude 3410;DELL;Intel;Intel Core i7;8GB;14'';SSD;256GB;FHD;DDR4;Plazavea;4200-5200;4200-5200;2
"Laptop Gaming GF63 Thin 10SC 15.6"" i5-10500H 8GB RAM 512GB SSD 4GB 1650 Video";https://www.oechsle.pe/laptop-gaming-gf63-thin-10sc-15-6-i5-10500h-8gb-ram-512gb-ssd-4gb-1650-video-1957962/p;4699;4499;GF63 Thin 10SC;MSI;Intel;Intel Core i5;8GB;15.6'';SSD;512GB;FHD;;Oechsle;4200-5200;4200-5200;2
"Laptop LG Gram 15Z90P-G.AH66B4 15.6"" Intel Core i5 -1135G7 512GB SSD 16GB RAM";https://hiraoka.com.pe/computo-y-tecnologia/computadoras/laptops/laptop-lg-gram-15z90p-g-ah66b4-15-6-intel-core-i5-1135g7-512gb-ssd-16gb-ram;5199;4499;Gram 15Z90P-G.AH66B4;LG;Intel Iris Xe Graphics;Intel Core i5;16GB;15.6'';SSD;512GB;LED IPS;DDR4;Hiraoka;4200-5200;4200-5200;2
Laptop Lenovo 15ITL Intel I7 8GB Ram 512GB SSD X360Touch Win10;https://www.plazavea.com.pe/laptop-lenovo-15itl-intel-i7-8gb-ram-512gb-ssd-x360touch-win10-100167599/p;4469;4469;15ITL5;LENOVO;Intel;Intel Core i7;8GB;15.6'';SSD;512GB ;FHD;;Plazavea;4200-5200;4200-5200;2
"Laptop Gaming Katana GF66 11SC 15.6"" 144hz I5-11400H 8GB RAM 512 4GB 1650 Video";https://www.oechsle.pe/laptop-gaming-katana-gf66-11sc-15-6-144hz-i5-11400h-16gb-ram-512-4gb-1650-video-1957958/p;5199;4399;Katana GF66 11SC;MSI;Intel;Intel Core i5;8GB;15.6'';SSD;512GB;IPS;;Oechsle;4200-5200;4200-5200;2
"Laptop Gamer MSI Katana GF66-11SC-071SP 15.6"" Intel Core i5-11400H 512GB SSD 8GB RAM";https://hiraoka.com.pe/computo-y-tecnologia/computadoras/laptops/laptop-gamer-msi-katana-gf66-11sc-071sp-15-6-intel-core-i5-11400h-512gb-ssd-8gb-ram;5199;4399;MSI Katana GF66-11SC-071SP;MSI;NVIDIA GeForce GTX 1650;Intel Core i5;8GB;15.6'';SSD;512GB;FHD;DDR4;Hiraoka;4200-5200;4200-5200;2
Laptop ASUS K513EA-BQ2210W 15.6'' Intel Core i7 11va generacion 12GB 512GB SS;https://www.oechsle.pe/laptop-asus-k513ea-bq2210w-15-6---intel-core-i7-11va-generacion-12gb-512gb-ssd-1000208213/p;4899;4299;K513EA-BQ2210W;ASUS;Intel;Intel Core i7;12GB;15.6'';SSD;512GB;IPS;;Oechsle;4200-5200;4200-5200;2
Notebook ACER AN515-54-56TP 15.6'' Intel Core i5 9300H 8GB  512GB;https://www.plazavea.com.pe/notebook-acer-an5155456tp-15-6-intel-core-i5-9300h-8gb512gb/p;4299;4299;AN515-54-56TP;ACER;NVIDIA GeForce GTX 1660;Intel Core i5;8GB;15.6'';SSD;512GB;FHD;;Plazavea;4200-5200;4200-5200;2
Notebook LENOVO LEN LEGION5 15IMH05 15.6'' Intel Core i5 1TB;https://www.plazavea.com.pe/notebook-lenovo-len-legion5-15imh05-15-6-intel-core-i5-1tb/p;4299;4299;LEN LEGION5 15IMH05;LENOVO;NVIDIA GeForce GTX 1650;Intel Core i5;1TB;15.6'';HDD;1TB;FHD;;Plazavea;4200-5200;4200-5200;2
"Laptop Acer Aspire 3 15.6"" Intel Core i7 8GB RAM 512GB SSD 2GB Video";https://www.oechsle.pe/laptop-acer-aspire-3-15-6-intel-core-i7-8gb-ram-512gb-ssd-2gb-video-1877487/p;4399;4199;A315-57G-79PE;ACER;Intel;Intel Core i7;8GB;15.6'';SSD;512GB;LED IPS;DDR4;Oechsle;4200-5200;3800-4200;2
Laptop ASUS X515 15.6'' CI7-1165G7 8GB RAM 512GB SSD;https://www.oechsle.pe/laptop-asus-15-15-6-x515ea-ci7-1165g7-8gb-ram-512gb-ssd-1945850/p;4399;4099;X515EA-BQ1096T;ASUS;Intel;Intel Core i7;8GB;15.6'';SSD;512GB;LED IPS;;Oechsle;4200-5200;3800-4200;2
"Laptop Asus VivoBook 14"" Full HD , Core I5-1135G7, 8GB, 512GB SSD, Windows 10 Home - S433EA-AM028T";https://www.oechsle.pe/notebook-asus-vivobook-14--ips-fhd-core-i5-1135g7-512gb-ssd-w10-home-1000100029/p;4999;3999;S433EA-AM028T;ASUS;Intel;Intel Core i5;8GB;14'';SSD;512GB;FHD;;Oechsle;4200-5200;3800-4200;2
"Laptop Gamer Nitro 5 15.6"" Core I5 10300H 8GB RAM 256GB SSD 4GB Video RTX3050";https://www.oechsle.pe/laptop-gamer-nitro-5-15-6-core-i5-10300h-8gb-ram-256gb-ssd-4gb-video-rtx3050-1877483/p;5099;3999;AN515-55-51G3;ACER;Intel;Intel Core i5;8GB;15.6'';SSD;256GB;FHD IPS;DDR4;Oechsle;4200-5200;3800-4200;2
"Laptop Gamer Acer AN515-55-57JM 15.6"" Intel Core i5-10300H 256GB SSD + 1TB HDD 8GB RAM";https://hiraoka.com.pe/computo-y-tecnologia/computadoras/laptops/laptop-gamer-acer-an515-55-57jm-15-6-intel-core-i5-10300h-256gb-ssd-1tb-hdd-8gb-ram;4399;3899;Acer AN515-55-57JM;ACER;NVIDIA GeForce RTX 3050;Intel Core i5;8GB;15.6'';SSD/HDD;1TB;FHD;DDR4;Hiraoka;4200-5200;3800-4200;2
"Laptop Asus Vivobook Pro 14 OLED M3401QA 14"" AMD Ryzen 7 5800H 512GB SSD 8GB RAM + Tablet Wacom Intuos CTL-4100 7""";https://hiraoka.com.pe/computo-y-tecnologia/computadoras/laptops/laptop-asus-vivobook-pro-14-oled-m3401qa-14-amd-ryzen-7-5800h-512gb-ssd-8gb-ram-tablet-wacom-intuos-ctl-4100-7;4899;3899;Vivobook Pro 14 OLED M3401QA;ASUS;AMD Radeon Graphics;AMD Ryzen 7;8GB;15.6'';SSD;512GB;UHD;LPDDR4;Hiraoka;4200-5200;3800-4200;2
"Laptop Gaming Dell G5510 15.6"" Intel Core i5 10200H 8GB RAM 256GB SSD";https://hiraoka.com.pe/computo-y-tecnologia/computadoras/laptops/laptop-gaming-dell-g5510-15-6-intel-core-i5-10200h-8gb-ram-256gb-ssd;4899;3899;Dell G5510;DELL;NVIDIA GeForce GTX 1650;Intel Core i5;8GB;15.6'';SSD;512GB;FHD;DDR4;Hiraoka;4200-5200;3800-4200;2
"Laptop MSI Modern 15 A11ML 15.6"" Intel Core i5-1135G7 512GB SSD 8GB RAM";https://hiraoka.com.pe/computo-y-tecnologia/computadoras/laptops/laptop-msi-modern-15-a11ml-15-6-intel-core-i5-1135g7-512gb-ssd-8gb-ram;4599;3799;Modern 15 A11ML ;MSI;Intel Iris Xe Graphics;Intel Core i5;8GB;15.6'';SSD;512GB;FHD;DDR4;Hiraoka;4200-5200;3400-3800;2
Laptop Gaming 15.6GF63 THIN10UC/I5-10500H/512/8G/4GB3050;https://www.oechsle.pe/laptop-gaming-15-6gf63-thin10uc-i5-10500h-512-8g-4gb3050/p;4599;3699;GF63 Thin 10UC;MSI;Intel;Intel Core i5;8GB;15.6'';SSD;512GB;IPS;DDR4 ;Oechsle;4200-5200;3400-3800;2
"Laptop Huawei Matebook 14 i5 14"" 8GB RAM 512GB SSD KelvinD-WDH9A";https://www.oechsle.pe/huawei-matebook-14-i5-14-8gb-ram-512gb-ssd-kelvind-wdh9a-1980353/p;4999;3699;KelvinD-WDH9A;HUAWEI;Intel;Intel Core i5;8GB;14'';SSD;512GB;IPS;;Oechsle;4200-5200;3400-3800;2
Laptop ACER AN515-55-595Q 15.6'' Intel Core i5 10ma generacion 8GB 512GB SS;https://www.oechsle.pe/laptop-acer-an515-55-595q-15-6---intel-core-i5-10ma-generacion-8gb-512gb-ssd-1000243239/p;3899;3599;AN515-55-595Q;ACER;Intel;Intel Core i5;8GB;15.6'';SSD;512GB;FHD;;Oechsle;3800-4200;3400-3800;2
Laptop ASUS FX506LH-HN004W 15.6'' Intel Core i5 10ma generacion 8GB 512GB SS;https://www.oechsle.pe/laptop-asus-fx506lh-hn004w-15-6---intel-core-i5-11va-generacion-8gb-512gb-ssd-1000194807/p;4199;3599;FX506LH-HN004W;ASUS;Intel;Intel Core i5;8GB;15.6'';SSD;512GB;IPS;;Oechsle;3800-4200;3400-3800;2
"Laptop Acer Swift 3 14"" Core i5 1135G7 8GB RAM 512GB SSD";https://www.oechsle.pe/laptop-acer-swift-3-14-core-i5-1135g7-8gb-ram-512gb-ssd-1877488/p;4499;3599;SF314-511-579K;ACER;Intel;Intel Core i5;8GB;14'';SSD;512GB;LED IPS;DDR4;Oechsle;4200-5200;3400-3800;2
"Laptop ASUS 15.6"" FX506LH-HN004W Core i5 8GB DDR4 RAM 512GB SSD Black";https://www.oechsle.pe/laptop-asus-15-6-fx506lh-hn004w-core-i5-8gb-ddr4-ram-512gb-ssd-black-2091553/p;4799;3599;FX506LH-HN004W;ASUS;Intel;Intel Core i5;8GB;15.6'';SSD;512GB;FHD;;Oechsle;4200-5200;3400-3800;2
Laptop ASUS FX506LH-HN004W 15.6'' Intel Core i5 10ma generacion 8GB 512GB SSD;https://www.plazavea.com.pe/laptop-asus-fx506lhhn004w-15-6-intel-core-i5-10ma-generacion-8gb-512gb-ssd/p;3599;3599;FX506LH-HN004W;ASUS;NVIDIA;Intel Core i5;8GB;15.6'';SSD;512GB;FHD IPS;DDR4;Plazavea;3400-3800;3400-3800;2
"Laptop HP Pavilion x360 14-dy0506la 14"" Intel Core i5-1135G7 256GB SSD 8GB RAM";https://hiraoka.com.pe/computo-y-tecnologia/computadoras/laptops/laptop-hp-pavilion-x360-14-dy0506la-14-intel-core-i5-1135g7-256gb-ssd-8gb-ram;3499;3499;Pavilion x360 14-dy0506la;HP;Intel Iris Xe Graphics;Intel Core i5;8GB;15.6'';SSD;256GB;FHD;DDR4;Hiraoka;3400-3800;3400-3800;2
Laptop Lenovo S340- Intel I7 8GB Ram 256GB SSD;https://www.plazavea.com.pe/laptop-lenovo-s340-intel-i7-8gb-ram-256gb-ssd-100167597/p;4540;3499;S340-15IIL;LENOVO;Intel;Intel Core i7;8GB;15.6'';SSD;256GB;FHD;;Plazavea;4200-5200;3400-3800;2
Laptop ASUS K513EA-L12004W 15.6'' Intel Core i5 11va generacion 8GB 512GB SS;https://www.oechsle.pe/laptop-asus-k513ea-l12004w-15-6---intel-core-i5-11va-generacion-8gb-512gb-ssd-1000194809/p;3799;3399;K513EA-L12004W;ASUS;Intel;Intel Core i5;8GB;15.6'';SSD;512GB;OLED;;Oechsle;3400-3800;3000-3400;2
Laptop ASUS Zenbook 13 OLED UX325EA 13.3'' Ci5-1135G7 8GB RAM 512SSD;https://www.oechsle.pe/laptop-asus-zenbook-13-oled-ux325ea-13-3---ci5-1135g7-8gb-ram-512ssd/p;4599;3399;UX325EA-KG523W;ASUS;Intel;Intel Core i5;8GB;13.3'';SSD;512GB;OLED;;Oechsle;4200-5200;3000-3400;2
Laptop ASUS Zenbook 13 OLED UX325EA 13.3'' Intel Core i5-1135G7 8GB RAM 512SSD;https://www.oechsle.pe/laptop-asus-zenbook-13-oled-ux325ea-13-3---intel-core-i5-1135g7-8gb-ram-512ssd/p;4999;3399;UX325EA-KG645W;ASUS;Intel;Intel Core i5;8GB;13.3'';SSD;512GB;OLED;;Oechsle;4200-5200;3000-3400;2
Laptop ASUS K513EA-L12004W 15.6'' Intel Core i5 11va generacion 8GB 512GB SSD;https://www.plazavea.com.pe/laptop-asus-k513eal12004w-15-6-intel-core-i5-11va-generacion-8gb-512gb-ssd/p;3399;3399;K513EA-L12004W;ASUS;Intel;Intel Core i5;8GB;16.1'';SSD;512GB ;OLED;DDR4;Plazavea;3000-3400;3000-3400;2
"Laptop Lenovo V15 IIL 15.6"" Core i5 1 TB HDD 8 GB RAM Video NVIDIA";https://www.plazavea.com.pe/laptop-lenovo-v15-iil-15-6-core-i5-1-tb-hdd-8-gb-ram-video-nvidia-100202909/p;3359;3359;V15 IIL;LENOVO;NVIDIA;Intel Core i5;8GB;15.6'';HDD;1TB;LCD;;Plazavea;3000-3400;3000-3400;2
"Laptop Dell Inspiron 3511 DNH4W 15.6"" Intel Core i5-1135G7 1TB HDD + 256GB SSD 8GB RAM";https://hiraoka.com.pe/computo-y-tecnologia/computadoras/laptops/laptop-dell-inspiron-3511-dnh4w-15-6-intel-core-i5-1135g7-1tb-hdd-256gb-ssd-8gb-ram;3499;3349;J5TDJ;DELL;NVIDIA GeForce MX350;Intel Core i5;8GB;15.6'';SSD;256GB;FHD;DDR4;Hiraoka;3400-3800;3000-3400;2
"Laptop HP EliteBook 840 G7 I5-1021U, 8GB, SSD 256GB, 14"", W10PRO, 1Y (36A27LC)";https://www.oechsle.pe/laptop-hp-elitebook-840-g7-i5-1021u-8gb-ssd-256gb-14--w10pro-1y--36a27lc--1000267385/p;3999;3299;840 G7;HP;Intel;Intel Core i5;8GB;14'';SSD;256GB;FHD;;Oechsle;3800-4200;3000-3400;2
Laptop ASUS UX325EA-KG645W 13'' Intel Core i5 11va generacion 8GB 512GB SS;https://www.oechsle.pe/laptop-asus-ux325ea-kg645w-13---intel-core-i3-9na-generacion-8gb-512gb-ssd-1000186898/p;4399;3299;UX325EA-KG645W;ASUS;Intel;Intel Core i5;8GB;13'';SSD;512GB;OLED;;Oechsle;4200-5200;3000-3400;2
Laptop ASUS UX325EA-KG645W 13'' Intel Core i5 11va generacion 8GB 512GB SSD;https://www.plazavea.com.pe/laptop-asus-ux325eakg645w-13-intel-core-i5-11va-generacion-8gb-512gb-ssd/p;3299;3299;UX325EA-KG645W;ASUS;Intel;Intel Core i5;8GB;13'';SSD;512GB;FHD IPS;DDR4;Plazavea;3000-3400;3000-3400;2
"Laptop Lenovo V14 IIL 14"" Core i5 256 SSD 8 GB RAM";https://www.plazavea.com.pe/laptop-lenovo-v14-iil-14-core-i5-256-ssd-8-gb-ram-100202908/p;3179;3179;V14 IIL;LENOVO;Intel;Intel Core i5;8GB;14'';SSD;256GB ;LCD;;Plazavea;3000-3400;3000-3400;2
"Laptop HP 15-dy2056la 15.6"" Intel Core i5-1135G7 512GB SSD 8GB RAM";https://hiraoka.com.pe/computo-y-tecnologia/computadoras/laptops/laptop-hp-15-dy2056la-15-6-intel-core-i5-1135g7-512gb-ssd-8gb-ram;2999;2999;HP 15-dy2056la;HP;Intel;Intel Core i5;8GB;15.6'';SSD;512GB;HD;DDR4;Hiraoka;2600-3000;2600-3000;2
"Laptop Lenovo IdeaPad 5i 14"" Intel Core i5 1135G7 256GB SSD 8GB RAM";https://hiraoka.com.pe/computo-y-tecnologia/computadoras/laptops/laptop-lenovo-ideapad-5i-14-intel-core-i5-1135g7-256gb-ssd-8gb-ram;2899;2899;IdeaPad 5i;LENOVO;Intel Iris Xe Graphics;Intel Core i5;8GB;15.6'';SSD;512GB;FHD;LPDDR4;Hiraoka;2600-3000;2600-3000;2
Laptop ASUS X571GT-HN1020T 15.6'' Intel Core i5 9na generacion 8GB 512GB SS;https://www.oechsle.pe/laptop-asus-x571gt-hn1020t-15-6---intel-core-i5-9na-generacion-8gb-512gb-ssd-1000208209/p;5499;2899;X571GT-HN1020T;ASUS;Intel;Intel Core i5;8GB;15.6'';SSD;512GB;IPS;;Oechsle;5200-6200;2600-3000;2
"Laptop Dell Inspiron 3511 YY3P3 15.6"" Intel Core i5-1135G7 256GB SSD 8GB RAM";https://hiraoka.com.pe/computo-y-tecnologia/computadoras/laptops/laptop-dell-inspiron-3511-yy3p3-15-6-intel-core-i5-1135g7-256gb-ssd-8gb-ram;2999;2799;Inspiron 3511 DNH4W;DELL;Intel Iris Xe Graphics;Intel Core i5;8GB;15.6'';SSD/M2;512GB;FHD;DDR4;Hiraoka;2600-3000;2600-3000;2
Laptop ASUS X415JA-EB1361W 14'' Intel Core i5 10ma generacion 8GB 256GB SS;https://www.oechsle.pe/laptop-asus-x415ja-eb1361w-14---intel-core-i5-10ma-generacion-8gb-256gb-ssd-1000194817/p;2899;2699;X415JA-EB1361W;ASUS;Intel;Intel Core i5;8GB;14'';SSD;256GB;IPS;;Oechsle;2600-3000;2600-3000;2
"Laptop ecologica Aspire Vero 15."" Core i5 1155G7 8GB RAM 512GB SSD";https://www.oechsle.pe/laptop-ecologica-aspire-vero-15-6-core-i5-1155g7-8gb-ram-512gb-ssd-1994209/p;3719;2699;AV15-51-567Y;ACER;Intel;Intel Core i5;8GB;15.6'';SSD;512GB;LED IPS;DDR4;Oechsle;3400-3800;2600-3000;2
Laptop ASUS X415JA-EB1361W 14'' Intel Core i5 10ma generacion 8GB 256GB SSD;https://www.plazavea.com.pe/laptop-asus-x415jaeb1361w-14-intel-core-i5-10ma-generacion-8gb-256gb-ssd/p;2699;2699;X415JA-EB1361W;ASUS;Intel;Intel Core i5;8GB;14'';SSD;256GB ;FHD IPS;;Plazavea;2600-3000;2600-3000;2
"Laptop Acer 15.6"" Aspire 3 Intel Core i5 1135G7 8GB RAM 512GB SSD";https://www.oechsle.pe/laptop-acer-15-6-aspire-3-intel-core-i5-1135g7-8gb-ram-512gb-ssd-2076606/p;3199;2549;A315-58-5170;ACER;Intel;Intel Core i5;8GB;15.6'';SSD;512GB;LED IPS;;Oechsle;3000-3400;2200-2600;2
Matebook HUAWEI NobelB-WAH9E 14'' Intel Core i5 10ma generacion 8GB 512GB SSD;https://www.plazavea.com.pe/matebook-huawei-nobelbwah9e-14-intel-core-i5-10ma-generacion-8gb-512gb-ssd/p;2449;2449;NobelB-WAH9E;HUAWEI;Intel;Intel Core i5;8GB;14'';SSD;512GB;IPS;;Plazavea;2200-2600;2200-2600;2
"Laptop Lenovo IdeaPad 5 14"" AMD Ryzen 5 - 5500U 256GB SSD 8GB RAM";https://hiraoka.com.pe/computo-y-tecnologia/computadoras/laptops/laptop-lenovo-ideapad-5-14-amd-ryzen-5-5500u-256gb-ssd-8gb-ram;2699;2399;A315-57G-53R9;LENOVO;NVIDIA GeForce RTX 3050;Intel Core i5;8GB;15.6'';SSD;256GB;FHD;DDR4;Hiraoka;2600-3000;2200-2600;2
"Laptop Asus X415JA-EB1361W 14"" Intel Core i5-1035G1 256GB SSD 8GB RAM";https://hiraoka.com.pe/computo-y-tecnologia/computadoras/laptops/laptop-asus-x415ja-eb1361w-14-intel-core-i5-1035g1-256gb-ssd-8gb-ram;2999;2399;X415JA-EB1361W;ASUS;Intel UHD Graphics;Intel Core i5;8GB;14'';SSD;256GB;FHD;DDR4;Hiraoka;2600-3000;2200-2600;2
Laptop ASUS X515EA-EJ921W 15.6'' Intel Core i5 11va generacion 8GB 512GB SS;https://www.oechsle.pe/laptop-asus-x515ea-ej921w-15-6---intel-core-i5-11va-generacion-8gb-512gb-ssd-1000177836/p;3899;2399;X515EA-EJ921W;ASUS;Intel;Intel Core i5;8GB;15.6'';SSD;512GB;FHD;;Oechsle;3800-4200;2200-2600;2
"Laptop ASUS 14"" X415JA-EB1361W Core i5 8GB DDR4 RAM 256GB SSD Silver";https://www.oechsle.pe/laptop-asus-14-x415ja-eb1361w-core-i5-8gb-ddr4-ram-256gb-ssd-silver-2091494/p;3499;2299;X415JA-EB1361W;ASUS;Intel;Intel Core i5;8GB;14'';SSD;256GB;FHD;;Oechsle;3400-3800;2200-2600;2
"Laptop Acer Aspire 5 Intel Core i5-10210U 256GB SSD 8GB RAM 15.6"" FreeDos";https://www.oechsle.pe/laptop-acer--aspire-5-intel-core-i5-10210u-256gb-ssd-8gb-ram-15-6--freedos-1000264161/p;2600;2199;Aspire 5;ACER;Intel;Intel Core i5;8GB;15.6'';SSD;256GB;FHD;;Oechsle;2200-2600;1800-2200;2
Laptop ASUS X415EA-EB642T 14'' Intel Core i5 11va generacion 8GB 256GB SS;https://www.oechsle.pe/laptop-asus-x415ea-eb642t-14---intel-core-i5-11va-generacion-8gb-256gb-ssd-1000156084/p;4399;2199;X415EA-EB642T;ASUS;Intel;Intel Core i5;8GB;14'';SSD;256GB;IPS;;Oechsle;4200-5200;1800-2200;2
"Notebook ACER A515-54-593D 15.6"" Intel Core i5 8GB 256GB SSD";https://www.plazavea.com.pe/notebook-acer-a51554593d-15-6--intel-core-i5-8gb-256gb-ssd/p;2099;2099;A515-54-593D;ACER;Intel;Intel Core i5;8GB;15.6'';SSD;256GB;FHD;;Plazavea;1800-2200;1800-2200;2
Laptop ASUS X415EA-EK1177W 14'' Intel Core i3 11va generacion 8GB 256GB SSD;https://www.plazavea.com.pe/laptop-asus-x415eaek1177w-14-intel-core-i3-11va-generacion-8gb-256gb-ssd/p;1799;1799;X415EA-EK1177W;ASUS;Intel;Intel Core i3;8GB;15'';SSD;256GB;FHD;DDR4;Plazavea;1400-1800;1400-1800;2
"Laptop Miray LPM-BW15-i5 15.6"" Intel Core i5-8279U 512 GB SSD 8 GB RAM Silver";https://hiraoka.com.pe/computo-y-tecnologia/computadoras/laptops/laptop-miray-lpm-bw15-i5-15.6-intel-core-i5-8279u-512-gb-ssd-8-gb-ram-silver;2699;1599;GF63 THIN 10UC;MIRAY;Intel;Intel Core i5;8GB;15.6'';SSD;512GB;FHD;DDR4;Hiraoka;2600-3000;1400-1800;2
Macbook Pro Apple M1 Chip 8gb Ram 256ssd Space Gray + Twelve South SuitCase;https://www.plazavea.com.pe/macbook-pro-apple-m1-chip-8gb-ram-256ssd-space-gray-twelve-south-suitcase-100180251/p;8199;7099;Pro M1 Chip;APPLE;;M1;8GB;13'';SSD;256GB;Pantalla Liquid Retina XDR;;Plazavea;7200-8200;6200-7200;3
"Laptop HP 15-dy2057la 15.6"" Intel Core i7-1165G7 512GB SSD 8GB RAM";https://hiraoka.com.pe/computo-y-tecnologia/computadoras/laptops/laptop-hp-15-dy2057la-15-6-intel-core-i7-1165g7-512gb-ssd-8gb-ram;3599;3599;15-dy2057la;HP;Intel Iris Xe Graphics;Intel Core i7;8GB;15.6'';SSD;512GB;HD;DDR4;Hiraoka;3400-3800;3400-3800;3
"Laptop Hp 15-ef1020la 15.6"" Amd Ryzen 7 SSD 512Gb Ran 8Gb Win 10";https://www.oechsle.pe/laptop-hp-15-ef1020la-15-6--amd-ryzen-7-ssd-512gb-ran-8gb-win-10-1000158641/p;3590;3450;15-ef1020la;HP;AMD;AMD Ryzen 7;8GB;15.6'';SSD;512GB;HD;;Oechsle;3400-3800;3400-3800;3
Notebook HP 16-d0503la 16.1'' Intel Core i5 11va generacion 8GB 256GB SSD;https://www.plazavea.com.pe/notebook-hp-16d0503la-16-1-intel-core-i5-11va-generacion-8gb-256gb-ssd/p;4199;3399;16-d0503la;HP;NVIDIA;Intel Core i5;8GB;16.1'';SSD;256GB;;;Plazavea;3800-4200;3000-3400;3
"Laptop Acer A315-57G-78C5 15.6"" 10th Gen Intel Ci7 1065G7 256GB SSD 8GB RAM + Microsoft 365 Personal (ESD) - 15 meses";https://hiraoka.com.pe/computo-y-tecnologia/computadoras/laptops/laptop-acer-a315-57g-78c5-15-6-10th-gen-intel-ci7-1065g7-256gb-ssd-8gb-ram-programa-esd-microsoft-365-personal-qq2-01238;3899;3199;Acer A315-57G-78C5 ;ACER;NVIDIA GeForce MX330;Intel Core i7;8GB;15.6'';SSD;256GB;FHD IPS;DDR4;Hiraoka;3800-4200;3000-3400;3
"Laptop HP 15-ef1020la 15.6"" AMD Ryzen 7 4700U 512GB SSD 8GB RAM";https://hiraoka.com.pe/computo-y-tecnologia/computadoras/laptops/laptop-hp-15-ef1020la-15-6-amd-ryzen-7-4700u-512gb-ssd-8gb-ram;3099;3099;HP 15-ef1020la;HP;AMD Radeon Graphics;AMD Ryzen 7;8GB;15.6'';SSD;512GB;HD;DDR4;Hiraoka;3000-3400;3000-3400;3
"Laptop HP 15-dy2057la 15.6"" Intel Core i7-1165G7 8GB RAM 512GB+32GB Optane";https://www.oechsle.pe/laptop-hp-15-dy2057la-15-6--intel-core-i7-1165g7-8gb-ram-512gb-32gb-optane/p;4199;2999;15-dy2057la;HP;Intel;Intel Core i7;8GB;15.6'';SSD ;512GB;HD;;Oechsle;3800-4200;2600-3000;3
"Laptop HP 15-dy2053la 15.6"" Intel Core i5-1135G7 256GB+16 SSD+Optane 8GB RAM";https://hiraoka.com.pe/computo-y-tecnologia/computadoras/laptops/laptop-hp-15-dy2053la-15-6-intel-core-i5-1135g7-256gb-16-ssd-optane-8gb-ram;2899;2899;15-dy2053la;HP;Intel;Intel Core i5;8GB;15.6'';SSD;256GB;HD;DDR4;Hiraoka;2600-3000;2600-3000;3
"Notebook ACER A315-57G-57MY 15.6"" Intel Core i5 8GB 512GB SSD";https://www.plazavea.com.pe/notebook-acer-a31557g57my-15-6--intel-core-i5-8gb-512gb-ssd/p;2699;2699;A315-57G-57MY;ACER;NVIDIA;Intel Core i3;8GB;15.6'';SSD;256GB;FHD;;Plazavea;2600-3000;2600-3000;3
"Laptop Acer Aspire 5 15.6""Core i3 10110U 8GB RAM 256GB SSD";https://www.oechsle.pe/laptop-acer-aspire-5-15-6-core-i3-10110u-8gb-ram-256gb-ssd-1788666/p;2699;2699;A515-54-34E3;ACER;Intel;Intel Core i3;8GB;15.6'';SSD;256GB;FHD LED;DDR4;Oechsle;2600-3000;2600-3000;3
Laptop ASUS X409J-1005G1 14'' Intel Core i3 10ma generacion 4GB 128GB SS;https://www.oechsle.pe/laptop-asus-x409j-1005g1-14---intel-core-i3-10ma-generacion-4gb-128gb-ssd-1000269224/p;2239;2690;X409J-1005G1;ASUS;Intel;Intel Core i3;4GB;14'';SSD;128GB;HD;;Oechsle;2200-2600;2600-3000;3
"Laptop HP 250 G7 Core i5 1035 8GB RAM 1TB HDD 15.6"" FreeDOS";https://www.oechsle.pe/laptop-hp-250-g7-core-i5-1035-8gb-ram-1tb-hdd-15-6--freedos-1000077879/p;2799;2599;250 G7;HP;Intel;Intel Core i5;8GB;15.6'';HDD;1TB;LED;;Oechsle;2600-3000;2200-2600;3
Laptop ASUS 15 X515EA 15.6'' Ci3-1115G4 8GB RAM 256SSD;https://www.oechsle.pe/laptop-asus-15-x515ea-15-6-ci3-1115g4-8gb-ram-256ssd-2005676/p;2999;2599;90NB0TY1-M18110;ASUS;Intel;Intel Core i3;8GB;15.6'';SSD;256GB ;IPS FHD;DDR4;Oechsle;2600-3000;2200-2600;3
"Laptop HP 14-CF2519LA 14"", Core I3-10110U, 16GB RAM, 256GB SSD, FreeDOS, Garantia 12 meses";https://www.oechsle.pe/laptop-hp-14-cf2519la-14--core-i3-10110u-16gb-ram-256gb-ssd-freedos-garantia-1-a%c3%b1o-1000177066/p;3399;2599;14-CF2519LA;HP;Intel;Intel Core i3;16GB;14'';SSD;256GB;HD;;Oechsle;3000-3400;2200-2600;3
"Laptop HP 14-CF2519LA 14"", Core I3-10110U, 16GB RAM, 256GB SSD, FreeDOS, Garantia 12 meses";https://www.plazavea.com.pe/laptop-hp-14-cf2519la-14-core-i3-10110u-16gb-ram-256gb-ssd-freedos-garantia-1-ano-100154691/p;2599;2599;14-CF2519LA;HP;Intel;Intel Core i3;16GB;14'';SSD;256GB;HD;;Plazavea;2200-2600;2200-2600;3
"Laptop HP 15-DW3033DX 15.6"" Laptop Intel Core i3 8GB 256GB SSD Natural Silver";https://www.oechsle.pe/laptop-hp-15-dw3033dx-15-6--laptop-intel-core-i3-8gb-256gb-ssd-natural-silver-1000244330/p;3684;2579;15-DW3033DX;HP;Intel;Intel Core i3;8GB;15.6'';SSD;256GB;FHD;;Oechsle;3400-3800;2200-2600;3
"Laptop Dell Vostro 3405 14"", Ryzen 5 3450U, 8GB RAM, 256GB SSD+HDD 1TB, Linux";https://www.plazavea.com.pe/laptop-dell-vostro-3405-14-ryzen-5-3450u-8gb-ram-256gb-ssd-hdd-1tb-linux-100154698/p;2549;2549;Vostro 3405;DELL;AMD;AMD Ryzen 5;1TB;14'';SSD;256GB;HD;;Plazavea;2200-2600;2200-2600;3
"Laptop Dell Vostro 3405 14"", Ryzen 5 3450U, 16GB RAM, 256GB SSD, Linux";https://www.plazavea.com.pe/laptop-dell-vostro-3405-14-ryzen-5-3450u-16gb-ram-256gb-ssd-linux-100154689/p;2549;2549;Vostro 3405;DELL;;AMD Ryzen 5;16GB;14'';SSD;256GB;HD;DDR4;Plazavea;2200-2600;2200-2600;3
"Laptop HP 15-dy2056la 15.6"" Intel Core i5-1135G7 512GB SSD 8GB RAM + Camara Web Miray CWM-1";https://hiraoka.com.pe/computo-y-tecnologia/computadoras/laptops/laptop-hp-15-dy2056la-15-6-intel-core-i5-1135g7-512gb-ssd-8gb-ram-camara-web-miray-cwm-12;2999;2499;NobelB-WAI9B;HP;Intel UHD Graphics;Intel Core i3;8GB;14'';SSD;256GB;HD;DDR4;Hiraoka;2600-3000;2200-2600;3
"Laptop Lenovo IdeaPad 5i 14"" Intel Core i3 - 1005G1 256GB SSD 8GB RAM";https://hiraoka.com.pe/computo-y-tecnologia/computadoras/laptops/laptop-lenovo-ideapad-5i-14-intel-core-i3-1005g1-256gb-ssd-8gb-ram;2399;2399;IdeaPad 5i;LENOVO;Intel UHD Graphics;Intel Core i3;8GB;14'';SSD;256GB;HD;DDR4;Hiraoka;2200-2600;2200-2600;3
"Laptop HP 15-dy2050la 15.6"" Intel Core i3-1115G4 256GB+16 SSD+Optane 8GB RAM";https://hiraoka.com.pe/computo-y-tecnologia/computadoras/laptops/laptop-hp-15-dy2050la-15-6-intel-core-i3-1115g4-256gb-16-ssd-optane-8gb-ram;2399;2399;G5 5515 - 6JHDC;HP;NVIDIA GeForce RTX 3070;AMD Ryzen 5;8GB;15.6'';SSD;512GB;HD;DDR4;Hiraoka;2200-2600;2200-2600;3
"Laptop HP 14-CF2519LA 14"", Core I3-10110U, 8GB RAM, 256GB SSD, FreeDOS, Garantia 12 meses";https://www.oechsle.pe/laptop-hp-14-cf2519la-14--core-i3-10110u-8gb-ram-256gb-ssd-freedos-garantia-1-a%c3%b1o-1000177065/p;3199;2399;14-CF2519LA;HP;Intel;Intel Core i3;8GB;14'';SSD;256GB;HD;;Oechsle;3000-3400;2200-2600;3
"HP Laptop 15-dy2056la 15.6"" Intel Core i5-1135G7 8GB RAM 512GB+32GB SSD+Optane";https://www.oechsle.pe/hp-laptop-15-dy2056la-15-6-intel-core-i5-1135g7-8gb-ram-512gb-32gb-ssd-optane-1871906/p;3549;2399;15-dy2056la;HP;Intel;Intel Core i5;8GB;15.6'';SSD;512GB;HD;;Oechsle;3400-3800;2200-2600;3
"Laptop HP 14-CF2519LA 14"", Core I3-10110U, 8GB RAM, 256GB SSD, FreeDOS, Garantia 12 meses";https://www.plazavea.com.pe/laptop-hp-14-cf2519la-14-core-i3-10110u-8gb-ram-256gb-ssd-freedos-garantia-1-ano-100154694/p;2399;2399;14-CF2519LA;HP;Intel;Intel Core i3;8GB;14'';SSD;256GB;HD;;Plazavea;2200-2600;2200-2600;3
"Laptop Dell Vostro 3405 14"", Ryzen 5 3450U, 8GB RAM, 256GB SSD, Linux";https://www.plazavea.com.pe/laptop-dell-vostro-3405-14-ryzen-5-3450u-8gb-ram-256gb-ssd-linux-100152053/p;2349;2349;Vostro 3405;DELL;AMD;AMD Ryzen 5;8GB;14'';SSD;256GB;HD;;Plazavea;2200-2600;2200-2600;3
"HP Laptop 15-ef2507la 15.6"" AMD Ryzen 5 5500U 8GB DDR4 RAM 512 GB SSD Natural silver";https://www.oechsle.pe/hp-laptop-15-ef2507la-15-6-amd-ryzen-5-5500u-8gb-ddr4-ram-512-gb-ssd-natural-silver-2026534/p;2699;2299;15-ef2507la;HP;AMD;AMD Ryzen 5;8GB;15.6'';SSD;512GB;HD;DDR4;Oechsle;2600-3000;2200-2600;3
"Laptop HP 15-EF1012LA Ryzen 5-4500U, 8GB, SSD 256GB, HD 15.6"", W10H, 1Y (310H8LA)";https://www.oechsle.pe/laptop-hp-15-ef1012la-ryzen-5-4500u-8gb-ssd-256gb-hd-15-6--w10h-1y--310h8la--1000267441/p;2999;2249;15-EF1012LA;HP;AMD;AMD Ryzen 5;8GB;15.6'';SSD;256GB;HD;;Oechsle;2600-3000;2200-2600;3
Notebook LENOVO IdeaPad 3 15IIL05 15.6'' CI5 1035G4 8GB 1TB;https://www.plazavea.com.pe/notebook-lenovo-ideapad-3-15iil05-15-6-ci5-1035g4-8gb-1tb/p;2249;2249;IDEAPAD 3 15IILO5;LENOVO;Intel;Intel Core i5;8GB;15.6'';HDD;1TB;HD;;Plazavea;2200-2600;2200-2600;3
"Laptop Dell Inspiron 3515 D6DM6 15.6"" AMD Ryzen 5-3450U 256GB SSD 8GB RAM";https://hiraoka.com.pe/computo-y-tecnologia/computadoras/laptops/laptop-dell-inspiron-3515-d6dm6-15-6-amd-ryzen-5-3450u-256gb-ssd-8gb-ram;2299;2199;Inspiron 3511 H7W58;DELL;AMD Radeon Graphics;Intel Core i3;8GB;15.6'';SSD;512GB;HD;DDR4;Hiraoka;2200-2600;1800-2200;3
Notebook HP 15-ef2507la 15.6'' AMD Ryzen 5 (5000 series) 8GB 512GB SSD;https://www.plazavea.com.pe/notebook-hp-15ef2507la-15-6-amd-ryzen-5-5000-series-8gb-512gb-ssd/p;2699;2199;15-ef2507la;HP;AMD;AMD Ryzen 5;8GB;15.6'';SSD/HDD;512GB ;HD;;Plazavea;2600-3000;1800-2200;3
Laptop ACER A515-54-585N 15.6'' Intel Core i5 10ma generacion 8GB 256GB SS;https://www.oechsle.pe/laptop-acer-a515-54-585n-15-6---intel-core-i5-10ma-generacion-8gb-256gb-ssd-1000243238/p;2999;2199;A515-54-585N;ACER;Intel;Intel Core i5;8GB;15.6'';SSD;256GB;HD;;Oechsle;2600-3000;1800-2200;3
"Laptop Dell Inspiron 15 3501 15.6"" Core i3 1115G4 256GB SSD 8GB RAM FreeDos   JJ7H9";https://www.oechsle.pe/laptop-dell-inspiron-15-3501-15-6--core-i3-1115g4-256gb-ssd-8gb-ram-freedos---jj7h9-1000215945/p;2999;2199;Inspiron 15 3501;DELL;Intel;Intel Core i3;8GB;15.6'';SSD;256GB;LED;;Oechsle;2600-3000;1800-2200;3
"Laptop Acer 15.6"" Core i5 10210U 8GB RAM 256GB SSD";https://www.oechsle.pe/laptop-acer-15-6-core-i5-10210u-8gb-ram-256gb-ssd-2017263/p;3139;2199;A515-54-585N;ACER;Intel;Intel Core i5;8GB;15.6'';SSD;256GB;HD;DDR4;Oechsle;3000-3400;1800-2200;3
"Laptop HP 15-ef1009la 15.6"" AMD Ryzen 3 4300U QC 256GB SSD 4GB RAM";https://hiraoka.com.pe/computo-y-tecnologia/computadoras/laptops/laptop-hp-15-ef1009la-15-6-amd-ryzen-3-4300u-qc-256gb-ssd-4gb-ram;2149;2149;15-ef1009la;HP;AMD Radeon Graphics;AMD Ryzen 3;4GB;15.6'';SSD;256GB;HD;DDR4;Hiraoka;1800-2200;1800-2200;3
"Laptop HP 14-CF2519LA 14"" Core i3 8GB RAM 256GB SSD FreeDos";https://www.oechsle.pe/laptop-hp-14-cf2519la-14--core-i3-8gb-ram-256gb-ssd-freedos-1000150066/p;2350;1999;14-CF2519LA;HP;Intel;Intel Core i3;8GB;14'';SSD;256GB;LED;;Oechsle;2200-2600;1800-2200;3
"Laptop Huawei MateBook D15 15.6"" FHD IPS i3-10110U 256GB SSD 8GB RAM Windows Home";https://hiraoka.com.pe/computo-y-tecnologia/computadoras/laptops/laptop-huawei-matebook-d15-bohrb-wai9a-15-6-intel-core-i3-10110u-256gb-ssd-8gb-ram;2999;1999;MateBook D15;HUAWEI;Intel UHD Graphics;Intel Core i3;8GB;15.6'';SSD;256GB;FHD IPS;DDR4;Hiraoka;2600-3000;1800-2200;3
"Laptop HP 14-CF2519LA 14"" Core i3 8GB RAM 256GB SSD FreeDos";https://www.plazavea.com.pe/laptop-hp-14-cf2519la-14-core-i3-8gb-ram-256gb-ssd-freedos-100136293/p;1999;1999;14-CF2519LA;HP;Intel;Intel Core i3;8GB;14'';SSD;256GB;LED;;Plazavea;1800-2200;1800-2200;3
"Laptop Dell Inspiron 3511 H7W58 15.6"" Intel Core i3-1115G4 256GB SSD 8GB RAM";https://hiraoka.com.pe/computo-y-tecnologia/computadoras/laptops/laptop-dell-inspiron-3511-h7w58-15-6-intel-core-i3-1115g4-256gb-ssd-8gb-ram;2439;1899;Inspiron 3511 H7W58;DELL;Intel UHD Graphics;Intel Core i3;8GB;14'';SSD;256GB;HD;DDR4;Hiraoka;2200-2600;1800-2200;3
"Laptop Dell Inspiron 15.6"" I3501_i3TGL8256SMW10Hs_521 Corel I3-1115G4 8GB RAM 256GB SSD";https://www.oechsle.pe/laptop-dell-inspiron-15-6-i3501_i3tgl8256smw10hs_521-corel-i3-1115g4-8gb-ram-256gb-ssd-1913301/p;2599;1899;I3501_i3TGL8256SMW10Hs_521;DELL;Intel;Intel Core i3;8GB;15.6'';SSD;256GB;UHD;;Oechsle;2200-2600;1800-2200;3
"Laptop HP 250 G7 Ci3-1005G1 8GB RAM 256GB SSD 15.6"" HD FREEDOS";https://www.oechsle.pe/laptop-hp-250-g7-ci3-1005g1-8gb-ram-256gb-ssd-15-6--hd-freedos-1000124256/p;2999;1899;HP-250-G7;HP;Intel;Intel Core i3;8GB;15.6'';SSD;256GB;HD;;Oechsle;2600-3000;1800-2200;3
Laptop ASUS X415EA-EK1177W 14'' Intel Core i3 9na generacion 8GB 256GB SS;https://www.oechsle.pe/laptop-asus-x415ea-ek1177w-14---intel-core-i3-9na-generacion-8gb-256gb-ssd-1000194810/p;2399;1799;X415EA-EK1177W;ASUS;Intel;Intel Core i3;8GB;14'';SSD;256GB;FHD;;Oechsle;2200-2600;1400-1800;3
Matebook HUAWEI NobelB-WAI9B 14'' Intel Core i3 10ma generacion 8GB 256GB SSD;https://www.plazavea.com.pe/matebook-huawei-nobelbwai9b-14-intel-core-i3-10ma-generacion-8gb-256gb-ssd/p;1759;1759;NobelB-WAI9B;HUAWEI;Intel;Intel Core i3;8GB;14'';SSD;256GB;IPS;DDR4;Plazavea;1400-1800;1400-1800;3
"Laptop Acer Aspire 5 15.6"" Intel Core i3 10110U 8GB RAM 256GB SSD";https://www.oechsle.pe/laptop-acer-aspire-5-15-6-intel-core-i3-10110u-8gb-ram-256gb-ssd-1993598/p;2649;1749;A515-54-35L2;ACER;Intel;Intel Core i3;8GB;15.6'';SSD;256GB;LED;DDR4;Oechsle;2600-3000;1400-1800;3
"Laptop HP 15-dy2050la 15.6"" Intel Core i3-1115G4 256GB+16 SSD+Optane 8GB RAM + Camara Web Miray CWM-12 + Mochila Para Laptop Miray MML-61";https://hiraoka.com.pe/computo-y-tecnologia/computadoras/laptops/laptop-hp-15-dy2050la-15-6-intel-core-i3-1115g4-256gb-16-ssd-optane-8gb-ram-camara-web-miray-cwm-12-mochila-para-laptop-miray-mml-61a;2399;1699;A515-54-30MJ;HP;Intel UHD Graphics;Intel Core i3;8GB;15.6'';SSD;256GB;HD;DDR4;Hiraoka;2200-2600;1400-1800;3
"Notebook ACER A515-54-30MJ 15.6"" Intel Core i3 8GB 256GB SSD";https://www.plazavea.com.pe/notebook-acer-a5155430mj-15-6--intel-core-i3-8gb-256gb-ssd/p;1699;1699;A515-54-30MJ;ACER;Intel;Intel Core i3;8GB;15.6'';SSD;256GB;LED IPS;;Plazavea;1400-1800;1400-1800;3
"Laptop Acer A315-56 15.6"" Intel Core i3 256GB SSD 8GB RAM";https://hiraoka.com.pe/computo-y-tecnologia/computadoras/laptops/laptop-acer-a315-56-15-6-intel-core-i3-256gb-ssd-8gb-ram;2099;1599;Acer A315-56;ACER;Intel UHD Graphics;Intel Core i3;8GB;15.6'';SSD;256GB;HD;DDR4;Hiraoka;1800-2200;1400-1800;3
"Laptop Acer Aspire 3 15.6"" Core i3 1005G1 4GB RAM 256GB SSD";https://www.oechsle.pe/laptop-acer-aspire-3-15-6-core-i3-1005g1-4gb-ram-256gb-ssd-1788658/p;2499;1599;A315-56-364D;ACER;Intel;Intel Core i3;4GB;15.6'';SSD;256GB;FHD LED IPS;DDR4;Oechsle;2200-2600;1400-1800;3
"Laptop HP 15-ef1009la 15.6"" AMD Ryzen 3 4300U QC 256GB SSD 4GB RAM + Camara Web Miray CWM-1";https://hiraoka.com.pe/computo-y-tecnologia/computadoras/laptops/laptop-hp-15-ef1009la-15-6-amd-ryzen-3-4300u-qc-256gb-ssd-4gb-ram-camara-web-miray-cwm-12;2149;1499;A515-54-56YQ;HP;Intel UHD Graphics;Intel Core i5;8GB;15.6'';SSD;256GB;HD;DDR4;Hiraoka;1800-2200;1400-1800;3
Notebook HP 15-ef2502la 15.6'' AMD Ryzen 3 (5000 series) 8GB 256GB SSD;https://www.plazavea.com.pe/notebook-hp-15ef2502la-15-6-amd-ryzen-3-5000-series-8gb-256gb-ssd/p;2399;1499;15-ef2502la;HP;AMD;AMD Ryzen 3;8GB;15.6'';SSD;256GB ;;;Plazavea;2200-2600;1400-1800;3
"Laptop IdeaPad 3i  14"" FHD Intel Pentium Silver N5030 8GB RAM  256GB SSD";https://www.oechsle.pe/laptop-ideapad-3i-14-fhd-intel-pentium-silver-n5030-8gb-ram-256gb-ssd-1953564/p;2599;1399;Laptop IdeaPad 3i;LENOVO;Intel;Intel Pentium;8GB;14'';SSD;256GB;FHD;;Oechsle;2200-2600;980-1400;3
"Laptop Hp 14"" dk1022wm Amd Ryzen 3 4GB Ram 128GB Ssd Win10";https://www.plazavea.com.pe/laptop-hp-14-dk1022wm-amd-ryzen-3-4gb-ram-128gb-ssd-win10-100154139/p;1399;1399;dk1022wm;HP;;AMD Ryzen 3;4GB;14'';SSD;128GB ;HD;;Plazavea;1000-1400;980-1400;3
Notebook HP 15-DW1085LA 15'' Intel Ci3 4GB 256GB SSD;https://www.plazavea.com.pe/notebook-hp-15dw1085la-15-intel-ci3-4gb-256gb-ssd/p;1319;1319;DW1085LA;HP;Intel;Intel Core i3;4GB;15.6'';SSD;256GB;HD;DDR4;Plazavea;1000-1400;980-1400;3
"Laptop Lenovo V15 IIL 15.6"" Core i7 1 TB HDD 8 GB RAM";https://www.plazavea.com.pe/laptop-lenovo-v15-iil-15-6-core-i7-1-tb-hdd-8-gb-ram-100202907/p;3769;3769;V15 IIL;LENOVO;Intel;Intel Core i7;8GB;15.6'';HDD;1TB;LCD;;Plazavea;3400-3800;3400-3800;4
"Laptop Lenovo V14, 14"" Ryzen 7 4700U, 8GB RAM, 1TB HDD, FreeDOS";https://www.oechsle.pe/laptop-lenovo-v14-14--ryzen-7-4700u-8gb-ram-1tb-hdd-freedos-1000242611/p;3199;2999;V14 - ARE;LENOVO;AMD;AMD Ryzen 7;8GB;14'';HDD;1TB;HD;;Oechsle;3000-3400;2600-3000;4
"Notebook Dell Vostro 14 3400, 14"" Hd, Core I5-1135G7 de Hasta 4.2ghz, 4GB Ddr4, 1tb Sata";https://www.plazavea.com.pe/notebook-dell-vostro-14-3400-14-hd-core-i5-1135g7-de-hasta-4-2ghz-4gb-ddr4-1tb-sata-100158511/p;2999;2999;VOSTRO 14 3400;DELL;Intel;Intel Core i5;4GB;14'';HDD;1TB;LCD;DDR4;Plazavea;2600-3000;2600-3000;4
"Notebook Dell Vostro 3400, 445CX 14"" HD, Core I5-1135G7, 4GB DDR4, 1TB";https://www.plazavea.com.pe/notebook-dell-vostro-3400-445cx-14-hd-core-i5-1135g7-4gb-ddr4-1tb-100154083/p;2799;2799;Vostro 3400;DELL;Intel;Intel Core i5;4GB;14'';HDD;1TB;HD;DDR4;Plazavea;2600-3000;2600-3000;4
Notebook LENOVO IdeaPad 5 14ITL05 14'' CI5 1135G7 8GB 256GB;https://www.plazavea.com.pe/notebook-lenovo-ideapad-5-14itl05-14-ci5-1135g7-8gb-256gb/p;1999;1999;IP 5 14ITL05;LENOVO;AMD;Intel Core i5;8GB;14'';SSD/HDD;256GB;HD;DDR4;Plazavea;1800-2200;1800-2200;4
"Notebook HP 15-DW2032LA 15"" INTEL CI5 1TB";https://www.plazavea.com.pe/notebook-hp-15dw2032la-15--intel-ci5-1tb/p;1999;1999;15-DW2032LA;HP;Intel;Intel Core i5;4GB;15.1'';HDD;1TB;HD;;Plazavea;1800-2200;1800-2200;4
Laptop Lenovo Ideapad 3 14 Gl05-Intel N5030 Ram 4GB Storage 128GB SSD Platinum Grey;https://www.plazavea.com.pe/laptop-lenovo-ideapad-3-14-gl05-intel-n5030-ram-4gb-storage-128gb-ssd-platinum-grey-100180736/p;1935;1935;81WH004LUS;LENOVO;;Intel Pentium;4GB;14'';SSD;128GB ;HD;;Plazavea;1800-2200;1800-2200;4
"Laptop HP 255 G7 AMD Ryzen 3 4GB RAM 1TB HDD 15.6"" FreeDOS";https://www.oechsle.pe/laptop-hp-255-g7-amd-ryzen-3-4gb-ram-1tb-hdd-15-6--freedos-1000077852/p;1999;1799;255 G7;HP;AMD;AMD Ryzen 3;4GB;15.6'';HDD;1TB;HD;;Oechsle;1800-2200;1400-1800;4
"Laptop HP 250 G7 Intel Core i3 4GB RAM 1TB HDD 15.6"" FreeDOS";https://www.oechsle.pe/laptop-hp-250-g7-intel-core-i3-4gb-ram-1tb-hdd-15-6--freedos-1000077868/p;2349;1799;251 G7;HP;Intel;Intel Core i3;4GB;15.6'';HDD;1TB;HD;;Oechsle;2200-2600;1400-1800;4
"Combo HP Laptop 250 G8 Core i3 4GB RAM 1TB HDD 15.6"" + Mochila Prelude + Mouse Inalambrico";https://www.oechsle.pe/combo-hp-laptop-250-g7-core-i3-4gb-ram-1tb-hdd-15-6----mochila-prelude---mouse-inalambrico-1000135574/p;2700;1799;250 G7;HP;Intel;Intel Core i3;4GB;15.6'';HDD;1TB;HD;;Oechsle;2600-3000;1400-1800;4
"Laptop Dell Latitude 3410 Core i3-10110U 1TB HDD 4GB RAM 14"" HD FreeDos";https://www.plazavea.com.pe/laptop-dell-latitude-3410-core-i3-10110u-1tb-hdd-4gb-ram-14-hd-freedos-100190713/p;1749;1749;Latitude 3410;DELL;Intel;Intel Core i3;4GB;14'';HDD;1TB;HD;;Plazavea;1400-1800;1400-1800;4
"Combo Laptop HP 15.6"" 250 G8 i3 1005G1 4GB 1TB Windows 10H + Mouse";https://www.oechsle.pe/laptop-hp-250-g8-i3-1005g1-4gb-1tb-15-6--windows-10-1000104838/p;3399;1690;250-G8 - 2P5L7LT;HP;Intel;Intel Core i3;4GB;15.6'';HDD;1TB;HD;;Oechsle;3000-3400;1400-1800;4
"Laptop HP 250 G8 Intel Core i3-1005G1 1TB HDD 4GB RAM 15.6"" FreeDos";https://www.oechsle.pe/laptop-hp-250-g8-intel-core-i3-1005g1-1tb-hdd-4gb-ram-15-6--freedos-1000264176/p;1600;1550;251 G8;HP;Intel;Intel Core i3;4GB;15.6'';HDD;1TB;HD;;Oechsle;1400-1800;1400-1800;4
"Laptop ASUS X515M 15.6"" Celeron 4GB 128GB SSD W10 Home - Laptop ASUS X515M Celeron 4GB 128GB SSD";https://www.oechsle.pe/laptop-asus-x515m-15-6--celeron-4gb-128gb-ssd-w10-home-1000269237/p;2029;1529;X515M;ASUS;Intel;Intel Celeron;4GB;15.6'';SSD;128GB;HD;;Oechsle;1800-2200;1400-1800;4
Laptop ASUS X543MA-GQ1042T 15.6'' Intel Celeron 4GB 500GB HDD;https://www.oechsle.pe/laptop-asus-x543ma-gq1042t-15-6---intel-celeron-4gb-500gb-hdd-1000177834/p;2099;1529;X543MA-GQ1042T;ASUS;Intel;Intel Celeron;4GB;15.6'';HDD;500GB;HD;;Oechsle;1800-2200;1400-1800;4
"Laptop HP 14-dq2021la 14"" Intel Core i3-1115G4 256GB SSD 4GB RAM";https://hiraoka.com.pe/computo-y-tecnologia/computadoras/laptops/laptop-hp-14-dq2021la-14-intel-core-i3-1115g4-256gb-ssd-4gb-ram;2199;1499;14-dq2021la;HP;Intel UHD Graphics;Intel Core i3;4GB;14'';SSD;256GB;HD;DDR4;Hiraoka;1800-2200;1400-1800;4
Notebook LENOVO IdeaPad 3 14IML05 14'' CI3 10110U 4GB 256GB;https://www.plazavea.com.pe/notebook-lenovo-ideapad-3-14iml05-14-ci3-10110u-4gb-256gb/p;1449;1449;IP 3 14IML05;LENOVO;Intel;Intel Core i3;4GB;14'';SSD;256GB;HD;;Plazavea;1400-1800;1400-1800;4
"Laptop Lenovo 14"" 81VU000JUS Intel N5030 4GB 128GB SSD W10";https://www.plazavea.com.pe/laptop-lenovo-14-81vu000jus-intel-n5030-4gb-128gb-ssd-w10-100154146/p;1399;1399;81VU000JUS;LENOVO;Intel;Intel Pentium;4GB;14'';SSD;128GB ;HD;;Plazavea;1000-1400;980-1400;4
"Laptop IdeaPad 1i 14"" FHD  Intel Celeron 4GB RAM 128GB SSD";https://www.oechsle.pe/laptop-ideapad-1i-14-fhd-intel-celeron-4gb-ram-128gb-ssd-1877177/p;2329;1149;Idea Pad 1i;LENOVO;Intel;Intel Celeron;4GB;14'';SSD;128GB;FHD;;Oechsle;2200-2600;980-1400;4
Laptop ASUS E510MA-BR883WS 15.6'' Intel Celeron 4GB 128GB SSD;https://www.plazavea.com.pe/laptop-asus-e510mabr883ws-15-6-intel-celeron-4gb-128gb-ssd/p;1099;1099;E510MA-BR883WS;ASUS;Intel;Intel Celeron;4GB;14'';SSD;128GB ;HD;DDR3;Plazavea;1000-1400;980-1400;4
"Laptop Lenovo S145 AMD A4 4GB RAM 500GB HDD 14"" Windows 10 Home + Protector Teclado";https://www.oechsle.pe/laptop-lenovo-s145-amd-a4-4gb-ram-500gb-hdd-14--windows-10-home---protector-teclado-1000267439/p;1080;999;IDEAPAD S145;LENOVO;AMD;AMD Ryzen A4;4GB;14'';HDD;500GB;LED HD;;Oechsle;1000-1400;980-1400;4
